Date,Time,group,Latitude,Longitude,location notes,zonal point,TapePoint,quarter,Distance from point,Height,Circumference,stems,Bud 1 Live,Bud 1 Dead,Bud 2 Live,Bud 2 Dead,Bud 3 Live,Bud 3 Dead,Leaf,leaf distorted ?,% of leaf missing,number of Mines,number of Galls
28/06/2014,9:16:05 AM,hhhhhhhhhhhhhh,,,,,,,,,,,,,,,,,,,,,
28/06/2014,9:39:13 AM,hhhhhhhhhhhhhh,,,mud skippers are cool - jed,Landward - Creek,,,,,,,,,,,,,,,,,
28/06/2014,9:39:32 AM,hhhhhhhhhhhhhh,-25.4477566,152.9898017,mud skippers are cool - jed,Landward - Creek,,,,,,,,,,,,,,,,,
28/06/2014,11:49:02 AM,hhhhhhhhhhhhhh,,,,Seaward,3,return to transect point,,,,,,,,,,,,,,,
28/06/2014,11:49:25 AM,hhhhhhhhhhhhhh,,,,,3,return to transect point,,,,,,,,,,,,,,,
28/06/2014,11:49:31 AM,hhhhhhhhhhhhhh,,,,Seaward,3,return to transect point,,,,,,,,,,,,,,,
28/06/2014,11:56:34 AM,hhhhhhhhhhhhhh,-25.44730252,152.987846,,Seaward,3,return to transect point,,,,,,,,,,,,,,,
28/06/2014,11:59:59 AM,hhhhhhhhhhhhhh,,,,Seaward,3,return to transect point,,,,,,,,,,,,,,,
28/06/2014,12:00:13 PM,hhhhhhhhhhhhhh,-25.44720932,152.9878017,,Seaward,3,return to transect point,,,,,,,,,,,,,,,
28/06/2014,12:14:02 PM,hhhhhhhhhhhhhh,,,,Seaward,7,quarter 1,2.6,5.4,0.6,stem 1,,TRUE,TRUE,,TRUE,,Leaf 1,TRUE,30,2,0
28/06/2014,12:14:52 PM,hhhhhhhhhhhhhh,,,,Seaward,7,quarter 1,2.6,5.4,0.6,stem 1,,TRUE,TRUE,,TRUE,,Leaf 2,,40,47,0
28/06/2014,12:15:09 PM,hhhhhhhhhhhhhh,,,,Seaward,7,quarter 1,2.6,5.4,0.6,stem 1,,TRUE,TRUE,,TRUE,,Leaf 3,,0,,
28/06/2014,12:16:10 PM,hhhhhhhhhhhhhh,,,,Seaward,7,quarter 1,2.6,5.4,0.6,stem 1,,TRUE,TRUE,,TRUE,,Leaf 3,TRUE,10,,
28/06/2014,12:16:49 PM,hhhhhhhhhhhhhh,,,,Seaward,7,quarter 1,2.6,5.4,0.6,stem 1,,TRUE,TRUE,,TRUE,,Leaf 4,TRUE,2,,
28/06/2014,12:18:43 PM,hhhhhhhhhhhhhh,,,,Seaward,7,quarter 1,2.6,5.4,0.6,stem 1,TRUE,,TRUE,,TRUE,,Leaf 4,,70,1,
28/06/2014,12:19:11 PM,hhhhhhhhhhhhhh,,,,Seaward,7,quarter 1,2.6,5.4,0.6,stem 1,TRUE,,TRUE,,TRUE,,Leaf 5,TRUE,5,,
28/06/2014,12:20:25 PM,hhhhhhhhhhhhhh,,,,Seaward,7,quarter 1,2.6,5.4,0.6,stem 1,TRUE,,TRUE,,TRUE,,Leaf 6,TRUE,10,,
28/06/2014,12:22:32 PM,hhhhhhhhhhhhhh,,,,Seaward,7,quarter 1,2.6,5.4,0.6,stem 2,,TRUE,TRUE,,TRUE,,Leaf 1,TRUE,5,3,30
28/06/2014,12:23:08 PM,hhhhhhhhhhhhhh,,,,Seaward,7,quarter 1,2.6,5.4,0.6,stem 2,,TRUE,TRUE,,TRUE,,Leaf 2,,,,20
28/06/2014,12:24:28 PM,hhhhhhhhhhhhhh,,,,Seaward,7,quarter 1,2.6,5.4,0.6,stem 2,,TRUE,TRUE,,TRUE,,Leaf 3,,3,3,30
28/06/2014,12:25:25 PM,hhhhhhhhhhhhhh,,,,Seaward,7,quarter 1,2.6,5.4,0.6,stem 2,,TRUE,TRUE,,TRUE,,Leaf 4,TRUE,20,1,29
28/06/2014,12:26:20 PM,hhhhhhhhhhhhhh,,,,Seaward,7,quarter 1,2.6,5.4,0.6,stem 2,,TRUE,TRUE,,TRUE,,Leaf 5,TRUE,2,0,7
28/06/2014,12:27:12 PM,hhhhhhhhhhhhhh,,,,Seaward,7,quarter 1,2.6,5.4,0.6,stem 2,,TRUE,TRUE,,TRUE,,Leaf 6,TRUE,20,1,30
28/06/2014,12:29:35 PM,hhhhhhhhhhhhhh,,,,Seaward,7,quarter 1,2.6,5.4,0.6,stem 3,TRUE,,,TRUE,TRUE,,Leaf 1,,0,0,0
28/06/2014,12:30:06 PM,hhhhhhhhhhhhhh,,,,Seaward,7,quarter 1,2.6,5.4,0.6,stem 3,TRUE,,,TRUE,TRUE,,Leaf 2,TRUE,0,2,2
28/06/2014,12:30:42 PM,hhhhhhhhhhhhhh,,,,Seaward,7,quarter 1,2.6,5.4,0.6,stem 3,TRUE,,,TRUE,TRUE,,Leaf 3,,10,3,3
28/06/2014,12:31:05 PM,hhhhhhhhhhhhhh,,,,Seaward,7,quarter 1,2.6,5.4,0.6,stem 3,TRUE,,,TRUE,TRUE,,Leaf 4,,0,0,0
28/06/2014,12:31:32 PM,hhhhhhhhhhhhhh,,,,Seaward,7,quarter 1,2.6,5.4,0.6,stem 3,TRUE,,,TRUE,TRUE,,Leaf 5,,7,1,0
28/06/2014,12:31:58 PM,hhhhhhhhhhhhhh,,,,Seaward,7,quarter 1,2.6,5.4,0.6,stem 3,TRUE,,,TRUE,TRUE,,Leaf 6,TRUE,30,0,0
28/06/2014,12:32:30 PM,hhhhhhhhhhhhhh,,,,Seaward,7,quarter 1,2.6,5.4,0.6,stem 4,TRUE,,,TRUE,,TRUE,Leaf 1,,0,0,0
28/06/2014,12:32:45 PM,hhhhhhhhhhhhhh,,,,Seaward,7,quarter 1,2.6,5.4,0.6,stem 4,TRUE,,,TRUE,,TRUE,Leaf 2,TRUE,5,0,0
28/06/2014,12:33:24 PM,hhhhhhhhhhhhhh,,,,Seaward,7,quarter 1,2.6,5.4,0.6,stem 4,TRUE,,,TRUE,,TRUE,Leaf 3,TRUE,0,3,1
28/06/2014,12:34:02 PM,hhhhhhhhhhhhhh,,,,Seaward,7,quarter 1,2.6,5.4,0.6,stem 4,TRUE,,,TRUE,,TRUE,Leaf 4,,0,0,0
28/06/2014,12:34:16 PM,hhhhhhhhhhhhhh,,,,Seaward,7,quarter 1,2.6,5.4,0.6,stem 4,TRUE,,,TRUE,,TRUE,Leaf 5,TRUE,5,0,0
28/06/2014,12:34:23 PM,hhhhhhhhhhhhhh,,,,Seaward,7,quarter 1,2.6,5.4,0.6,stem 4,TRUE,,,TRUE,,TRUE,Leaf 6,,0,0,0
28/06/2014,12:35:14 PM,hhhhhhhhhhhhhh,,,,Seaward,7,quarter 1,2.6,5.4,0.6,stem 5,TRUE,,TRUE,,TRUE,,Leaf 1,,10,3,0
28/06/2014,12:35:33 PM,hhhhhhhhhhhhhh,,,,Seaward,7,quarter 1,2.6,5.4,0.6,stem 5,TRUE,,TRUE,,TRUE,,Leaf 2,TRUE,50,0,0
28/06/2014,12:35:49 PM,hhhhhhhhhhhhhh,,,,Seaward,7,quarter 1,2.6,5.4,0.6,stem 5,TRUE,,TRUE,,TRUE,,Leaf 3,TRUE,30,0,0
28/06/2014,12:36:14 PM,hhhhhhhhhhhhhh,,,,Seaward,7,quarter 1,2.6,5.4,0.6,stem 5,TRUE,,TRUE,,TRUE,,Leaf 4,TRUE,30,1,1
28/06/2014,12:36:23 PM,hhhhhhhhhhhhhh,,,,Seaward,7,quarter 1,2.6,5.4,0.6,stem 5,TRUE,,TRUE,,TRUE,,Leaf 5,,0,0,0
28/06/2014,12:36:44 PM,hhhhhhhhhhhhhh,,,,Seaward,7,quarter 1,2.6,5.4,0.6,stem 5,TRUE,,TRUE,,TRUE,,Leaf 6,TRUE,10,0,2
28/06/2014,12:37:35 PM,hhhhhhhhhhhhhh,,,,Seaward,7,quarter 1,2.6,5.4,0.6,stem 6,TRUE,,,TRUE,,TRUE,Leaf 1,TRUE,5,0,0
28/06/2014,12:38:06 PM,hhhhhhhhhhhhhh,,,,Seaward,7,quarter 1,2.6,5.4,0.6,stem 6,TRUE,,,TRUE,,TRUE,Leaf 2,,90,0,0
28/06/2014,12:38:36 PM,hhhhhhhhhhhhhh,,,,Seaward,7,quarter 1,2.6,5.4,0.6,stem 6,TRUE,,,TRUE,,TRUE,Leaf 3,TRUE,20,0,0
28/06/2014,12:38:57 PM,hhhhhhhhhhhhhh,,,,Seaward,7,quarter 1,2.6,5.4,0.6,stem 6,TRUE,,,TRUE,,TRUE,Leaf 4,TRUE,20,0,0
28/06/2014,12:39:18 PM,hhhhhhhhhhhhhh,,,,Seaward,7,quarter 1,2.6,5.4,0.6,stem 6,TRUE,,,TRUE,,TRUE,Leaf 5,TRUE,10,1,1
28/06/2014,12:39:37 PM,hhhhhhhhhhhhhh,,,,Seaward,7,quarter 1,2.6,5.4,0.6,stem 6,TRUE,,,TRUE,,TRUE,Leaf 6,,100,0,0
28/06/2014,12:40:11 PM,hhhhhhhhhhhhhh,,,,Seaward,7,quarter 1,2.6,5.4,0.6,stem 7,,TRUE,,TRUE,,TRUE,Leaf 1,TRUE,30,0,0
28/06/2014,12:40:27 PM,hhhhhhhhhhhhhh,,,,Seaward,7,quarter 1,2.6,5.4,0.6,stem 7,,TRUE,,TRUE,,TRUE,Leaf 2,,30,0,1
28/06/2014,12:40:56 PM,hhhhhhhhhhhhhh,,,,Seaward,7,quarter 1,2.6,5.4,0.6,stem 7,,TRUE,,TRUE,,TRUE,Leaf 3,,10,0,0
28/06/2014,12:41:13 PM,hhhhhhhhhhhhhh,,,,Seaward,7,quarter 1,2.6,5.4,0.6,stem 7,,TRUE,,TRUE,,TRUE,Leaf 4,,5,0,0
28/06/2014,12:41:31 PM,hhhhhhhhhhhhhh,,,,Seaward,7,quarter 1,2.6,5.4,0.6,stem 7,,TRUE,,TRUE,,TRUE,Leaf 5,TRUE,10,1,0
28/06/2014,12:42:01 PM,hhhhhhhhhhhhhh,,,,Seaward,7,quarter 1,2.6,5.4,0.6,stem 7,,TRUE,,TRUE,,TRUE,Leaf 6,TRUE,30,0,0
28/06/2014,12:42:40 PM,hhhhhhhhhhhhhh,,,,Seaward,7,quarter 1,2.6,5.4,0.6,stem 8,TRUE,,TRUE,,TRUE,,Leaf 1,,0,0,0
28/06/2014,12:42:47 PM,hhhhhhhhhhhhhh,,,,Seaward,7,quarter 1,2.6,5.4,0.6,stem 8,TRUE,,TRUE,,TRUE,,Leaf 2,,0,0,0
28/06/2014,12:42:57 PM,hhhhhhhhhhhhhh,,,,Seaward,7,quarter 1,2.6,5.4,0.6,stem 8,TRUE,,TRUE,,TRUE,,Leaf 3,TRUE,10,0,0
28/06/2014,12:43:15 PM,hhhhhhhhhhhhhh,,,,Seaward,7,quarter 1,2.6,5.4,0.6,stem 8,TRUE,,TRUE,,TRUE,,Leaf 4,TRUE,10,0,1
28/06/2014,12:44:49 PM,hhhhhhhhhhhhhh,,,,Seaward,7,quarter 1,2.6,5.4,0.6,stem 8,TRUE,,TRUE,,TRUE,,Leaf 6,TRUE,60,0,1
28/06/2014,9:15:55 AM,team 1,,,,,,,,,,,,,,,,,,,,,
28/06/2014,9:16:53 AM,team 1,,,,,,,,,,,,,,,,,,,,,
28/06/2014,9:28:22 AM,team 1,,,,,,,,,,,,,,,,,,,,,
28/06/2014,9:38:48 AM,team 1,,,,Landward - Creek,,,,,,,,,,,,,,,,,
28/06/2014,9:40:17 AM,team 1,-25.4476599,152.9904496,,Landward - Creek,,,,,,,,,,,,,,,,,
28/06/2014,9:42:05 AM,team 1,,,,Landward - Creek,0,return to transect point,,,,,,,,,,,,,,,
28/06/2014,9:42:13 AM,team 1,-25.44772781,152.9901758,,Landward - Creek,0,return to transect point,,,,,,,,,,,,,,,
28/06/2014,9:42:24 AM,team 1,-25.44772754,152.9901967,,Landward - Creek,0,return to transect point,,,,,,,,,,,,,,,
28/06/2014,9:43:24 AM,team 1,-25.44771283,152.9901969,,Landward - Creek,0,return to transect point,,,,,,,,,,,,,,,
28/06/2014,10:00:50 AM,team 1,,,,Landward - Creek,0,quarter 1,6.8,4.08,36,stem 1,TRUE,,TRUE,,TRUE,,Leaf 1,,0,4,6
28/06/2014,10:01:09 AM,team 1,,,,Landward - Creek,0,quarter 1,6.8,4.08,36,stem 1,TRUE,,TRUE,,TRUE,,Leaf 2,,10,0,5
28/06/2014,10:01:24 AM,team 1,,,,Landward - Creek,0,quarter 1,6.8,4.08,36,stem 1,TRUE,,TRUE,,TRUE,,Leaf 3,,15,3,2
28/06/2014,10:01:47 AM,team 1,,,,Landward - Creek,0,quarter 1,6.8,4.08,36,stem 1,TRUE,,TRUE,,TRUE,,Leaf 4,,3,1,0
28/06/2014,10:02:14 AM,team 1,,,,Landward - Creek,0,quarter 1,6.8,4.08,36,stem 1,TRUE,,TRUE,,TRUE,,Leaf 4,,0,2,1
28/06/2014,10:02:25 AM,team 1,,,,Landward - Creek,0,quarter 1,6.8,4.08,36,stem 1,TRUE,,TRUE,,TRUE,,Leaf 5,,0,0,0
28/06/2014,10:02:36 AM,team 1,,,,Landward - Creek,0,quarter 1,6.8,4.08,36,stem 1,TRUE,,TRUE,,TRUE,,Leaf 6,,0,0,1
28/06/2014,10:03:11 AM,team 1,,,,Landward - Creek,0,quarter 1,6.8,4.08,36,stem 2,,TRUE,,TRUE,,TRUE,Leaf 1,,0,5,0
28/06/2014,10:03:28 AM,team 1,,,,Landward - Creek,0,quarter 1,6.8,4.08,36,stem 2,,TRUE,,TRUE,,TRUE,Leaf 2,,0,9,0
28/06/2014,10:03:52 AM,team 1,,,,Landward - Creek,0,quarter 1,6.8,4.08,36,stem 2,,TRUE,,TRUE,,TRUE,Leaf 2,,0,10,1
28/06/2014,10:04:08 AM,team 1,,,,Landward - Creek,0,quarter 1,6.8,4.08,36,stem 2,,TRUE,,TRUE,,TRUE,Leaf 3,,0,10,0
28/06/2014,10:04:30 AM,team 1,,,,Landward - Creek,0,quarter 1,6.8,4.08,36,stem 2,,TRUE,,TRUE,,TRUE,Leaf 4,,5,1,0
28/06/2014,10:04:50 AM,team 1,,,,Landward - Creek,0,quarter 1,6.8,4.08,36,stem 2,,TRUE,,TRUE,,TRUE,Leaf 3,TRUE,0,0,0
28/06/2014,10:05:18 AM,team 1,,,,Landward - Creek,0,quarter 1,6.8,4.08,36,stem 2,,TRUE,,TRUE,,TRUE,Leaf 4,TRUE,0,5,0
28/06/2014,10:05:36 AM,team 1,,,,Landward - Creek,0,quarter 1,6.8,4.08,36,stem 2,,TRUE,,TRUE,,TRUE,Leaf 5,TRUE,20,3,0
28/06/2014,10:06:01 AM,team 1,,,,Landward - Creek,0,quarter 1,6.8,4.08,36,stem 2,,TRUE,,TRUE,,TRUE,Leaf 6,,50,6,0
28/06/2014,10:06:50 AM,team 1,,,,Landward - Creek,0,quarter 1,6.8,4.08,36,stem 3,,TRUE,,TRUE,,TRUE,Leaf 1,,20,1,1
28/06/2014,10:07:05 AM,team 1,,,,Landward - Creek,0,quarter 1,6.8,4.08,36,stem 3,,TRUE,,TRUE,,TRUE,Leaf 2,TRUE,5,8,0
28/06/2014,10:07:19 AM,team 1,,,,Landward - Creek,0,quarter 1,6.8,4.08,36,stem 3,,TRUE,,TRUE,,TRUE,Leaf 3,TRUE,10,1,0
28/06/2014,10:07:57 AM,team 1,,,,Landward - Creek,0,quarter 1,6.8,4.08,36,stem 3,,TRUE,,TRUE,,TRUE,Leaf 3,TRUE,0,2,1
28/06/2014,10:08:26 AM,team 1,,,,Landward - Creek,0,quarter 1,6.8,4.08,36,stem 3,,TRUE,,TRUE,,TRUE,Leaf 4,,0,3,1
28/06/2014,10:08:48 AM,team 1,,,,Landward - Creek,0,quarter 1,6.8,4.08,36,stem 3,,TRUE,,TRUE,,TRUE,Leaf 5,,15,1,0
28/06/2014,10:09:40 AM,team 1,,,,Landward - Creek,0,quarter 1,6.8,4.08,36,stem 4,,TRUE,,,,,Leaf 1,,80,0,2
28/06/2014,10:09:56 AM,team 1,,,,Landward - Creek,0,quarter 1,6.8,4.08,36,stem 4,,TRUE,,,,,Leaf 2,TRUE,15,3,0
28/06/2014,10:10:12 AM,team 1,,,,Landward - Creek,0,quarter 1,6.8,4.08,36,stem 4,,TRUE,,,,,Leaf 3,,0,3,0
28/06/2014,10:10:34 AM,team 1,,,,Landward - Creek,0,quarter 1,6.8,4.08,36,stem 4,,TRUE,,,,,Leaf 4,,20,1,0
28/06/2014,10:10:46 AM,team 1,,,,Landward - Creek,0,quarter 1,6.8,4.08,36,stem 4,,TRUE,,,,,Leaf 5,,0,2,0
28/06/2014,10:11:02 AM,team 1,,,,Landward - Creek,0,quarter 1,6.8,4.08,36,stem 4,,TRUE,,,,,Leaf 6,TRUE,20,7,1
28/06/2014,10:11:46 AM,team 1,,,,Landward - Creek,0,quarter 1,6.8,4.08,36,stem 5,TRUE,,,,,,Leaf 1,,10,5,0
28/06/2014,10:12:00 AM,team 1,,,,Landward - Creek,0,quarter 1,6.8,4.08,36,stem 5,TRUE,,,,,,Leaf 2,,5,4,0
28/06/2014,10:12:14 AM,team 1,,,,Landward - Creek,0,quarter 1,6.8,4.08,36,stem 5,TRUE,,,,,,Leaf 3,TRUE,0,2,0
28/06/2014,10:12:32 AM,team 1,,,,Landward - Creek,0,quarter 1,6.8,4.08,36,stem 5,TRUE,,,,,,Leaf 4,,30,8,0
28/06/2014,10:12:44 AM,team 1,,,,Landward - Creek,0,quarter 1,6.8,4.08,36,stem 5,TRUE,,,,,,Leaf 5,,10,3,1
28/06/2014,10:12:56 AM,team 1,,,,Landward - Creek,0,quarter 1,6.8,4.08,36,stem 5,TRUE,,,,,,Leaf 6,,2,2,0
28/06/2014,10:13:30 AM,team 1,,,,Landward - Creek,0,quarter 1,6.8,4.08,36,stem 6,TRUE,,TRUE,,,,Leaf 1,TRUE,0,1,1
28/06/2014,10:13:41 AM,team 1,,,,Landward - Creek,0,quarter 1,6.8,4.08,36,stem 6,TRUE,,TRUE,,,,Leaf 2,TRUE,0,1,0
28/06/2014,10:13:51 AM,team 1,,,,Landward - Creek,0,quarter 1,6.8,4.08,36,stem 6,TRUE,,TRUE,,,,Leaf 3,,0,3,0
28/06/2014,10:14:00 AM,team 1,,,,Landward - Creek,0,quarter 1,6.8,4.08,36,stem 6,TRUE,,TRUE,,,,Leaf 4,,0,4,0
28/06/2014,10:14:14 AM,team 1,,,,Landward - Creek,0,quarter 1,6.8,4.08,36,stem 6,TRUE,,TRUE,,,,Leaf 5,,5,4,0
28/06/2014,10:14:28 AM,team 1,,,,Landward - Creek,0,quarter 1,6.8,4.08,36,stem 6,TRUE,,TRUE,,,,Leaf 6,,10,1,0
28/06/2014,10:14:57 AM,team 1,,,,Landward - Creek,0,quarter 1,6.8,4.08,36,stem 7,TRUE,,,,,,Leaf 1,,0,5,0
28/06/2014,10:15:10 AM,team 1,,,,Landward - Creek,0,quarter 1,6.8,4.08,36,stem 7,TRUE,,,,,,Leaf 2,,0,10,0
28/06/2014,10:15:27 AM,team 1,,,,Landward - Creek,0,quarter 1,6.8,4.08,36,stem 7,TRUE,,,,,,Leaf 3,,5,3,0
28/06/2014,10:15:39 AM,team 1,,,,Landward - Creek,0,quarter 1,6.8,4.08,36,stem 7,TRUE,,,,,,Leaf 4,TRUE,0,0,3
28/06/2014,10:15:58 AM,team 1,,,,Landward - Creek,0,quarter 1,6.8,4.08,36,stem 7,TRUE,,,,,,Leaf 5,TRUE,0,2,0
28/06/2014,10:16:17 AM,team 1,,,,Landward - Creek,0,quarter 1,6.8,4.08,36,stem 7,TRUE,,,,,,Leaf 6,TRUE,20,5,1
28/06/2014,10:16:47 AM,team 1,,,,Landward - Creek,0,quarter 1,6.8,4.08,36,stem 8,TRUE,,TRUE,,TRUE,,Leaf 1,,0,2,0
28/06/2014,10:16:56 AM,team 1,,,,Landward - Creek,0,quarter 1,6.8,4.08,36,stem 8,TRUE,,TRUE,,TRUE,,Leaf 2,,0,3,0
28/06/2014,10:17:05 AM,team 1,,,,Landward - Creek,0,quarter 1,6.8,4.08,36,stem 8,TRUE,,TRUE,,TRUE,,Leaf 3,TRUE,0,0,0
28/06/2014,10:17:15 AM,team 1,,,,Landward - Creek,0,quarter 1,6.8,4.08,36,stem 8,TRUE,,TRUE,,TRUE,,Leaf 4,,0,2,0
28/06/2014,10:17:25 AM,team 1,,,,Landward - Creek,0,quarter 1,6.8,4.08,36,stem 8,TRUE,,TRUE,,TRUE,,Leaf 5,,10,1,0
28/06/2014,10:17:35 AM,team 1,,,,Landward - Creek,0,quarter 1,6.8,4.08,36,stem 8,TRUE,,TRUE,,TRUE,,Leaf 6,,0,0,2
28/06/2014,10:26:53 AM,team 1,-25.44758103,152.9900452,,Landward - Creek,0,return to transect point,6.8,4.08,36,return>quarter,TRUE,,TRUE,,TRUE,,return to stem,,,,
28/06/2014,10:29:01 AM,team 1,,,,Landward - Creek,0,quarter 2,0.4,2.2,3,stem 1,,TRUE,,TRUE,,TRUE,Leaf 1,,0,2,0
28/06/2014,10:29:20 AM,team 1,,,,Landward - Creek,0,quarter 2,0.4,2.2,3,stem 1,,TRUE,,TRUE,,TRUE,Leaf 2,,2,3,0
28/06/2014,10:29:38 AM,team 1,,,,Landward - Creek,0,quarter 2,0.4,2.2,3,stem 1,,TRUE,,TRUE,,TRUE,Leaf 3,TRUE,0,0,0
28/06/2014,10:29:52 AM,team 1,,,,Landward - Creek,0,quarter 2,0.4,2.2,3,stem 1,,TRUE,,TRUE,,TRUE,Leaf 4,TRUE,2,0,0
28/06/2014,10:30:03 AM,team 1,,,,Landward - Creek,0,quarter 2,0.4,2.2,3,stem 1,,TRUE,,TRUE,,TRUE,Leaf 5,,0,2,0
28/06/2014,10:30:18 AM,team 1,,,,Landward - Creek,0,quarter 2,0.4,2.2,3,stem 1,,TRUE,,TRUE,,TRUE,Leaf 6,,5,3,0
28/06/2014,10:31:19 AM,team 1,,,,Landward - Creek,0,quarter 2,0.4,2.2,3,stem 2,TRUE,,TRUE,,,TRUE,Leaf 1,TRUE,2,2,0
28/06/2014,10:31:35 AM,team 1,,,,Landward - Creek,0,quarter 2,0.4,2.2,3,stem 2,TRUE,,TRUE,,,TRUE,Leaf 2,,0,3,0
28/06/2014,10:31:55 AM,team 1,,,,Landward - Creek,0,quarter 2,0.4,2.2,3,stem 2,TRUE,,TRUE,,,TRUE,Leaf 3,TRUE,10,4,0
28/06/2014,10:32:13 AM,team 1,,,,Landward - Creek,0,quarter 2,0.4,2.2,3,stem 2,TRUE,,TRUE,,,TRUE,Leaf 3,TRUE,5,4,0
28/06/2014,10:32:35 AM,team 1,,,,Landward - Creek,0,quarter 2,0.4,2.2,3,stem 2,TRUE,,TRUE,,,TRUE,Leaf 4,,0,5,0
28/06/2014,10:32:53 AM,team 1,,,,Landward - Creek,0,quarter 2,0.4,2.2,3,stem 2,TRUE,,TRUE,,,TRUE,Leaf 5,,10,5,0
28/06/2014,10:33:16 AM,team 1,,,,Landward - Creek,0,quarter 2,0.4,2.2,3,stem 2,TRUE,,TRUE,,,TRUE,Leaf 6,TRUE,20,3,0
28/06/2014,10:33:50 AM,team 1,,,,Landward - Creek,0,quarter 2,0.4,2.2,3,stem 3,TRUE,,TRUE,,TRUE,,Leaf 1,,2,0,0
28/06/2014,10:34:08 AM,team 1,,,,Landward - Creek,0,quarter 2,0.4,2.2,3,stem 3,TRUE,,TRUE,,TRUE,,Leaf 2,TRUE,3,4,0
28/06/2014,10:34:33 AM,team 1,,,,Landward - Creek,0,quarter 2,0.4,2.2,3,stem 3,TRUE,,TRUE,,TRUE,,Leaf 3,TRUE,0,4,0
28/06/2014,10:44:54 AM,team 1,,,,Landward - Creek,0,quarter 3,2.5,34,3,stem 1,,TRUE,,TRUE,,TRUE,Leaf 1,TRUE,10,0,0
28/06/2014,10:45:05 AM,team 1,,,,Landward - Creek,0,quarter 3,2.5,34,3,stem 1,,TRUE,,TRUE,,TRUE,Leaf 2,TRUE,0,1,0
28/06/2014,10:45:15 AM,team 1,,,,Landward - Creek,0,quarter 3,2.5,34,3,stem 1,,TRUE,,TRUE,,TRUE,Leaf 3,TRUE,0,0,0
28/06/2014,10:45:27 AM,team 1,,,,Landward - Creek,0,quarter 3,2.5,34,3,stem 1,,TRUE,,TRUE,,TRUE,Leaf 4,TRUE,0,1,0
28/06/2014,10:45:43 AM,team 1,,,,Landward - Creek,0,quarter 3,2.5,34,3,stem 1,,TRUE,,TRUE,,TRUE,Leaf 5,,5,0,0
28/06/2014,10:45:56 AM,team 1,,,,Landward - Creek,0,quarter 3,2.5,34,3,stem 1,,TRUE,,TRUE,,TRUE,Leaf 6,,0,0,0
28/06/2014,10:46:41 AM,team 1,,,,,,,,,,,,,,,,,,,,,
28/06/2014,10:47:34 AM,team 1,,,,Landward - Creek,,,,,,,,,,,,,,,,,
28/06/2014,10:47:44 AM,team 1,-25.44727356,152.9897322,,Landward - Creek,,,,,,,,,,,,,,,,,
28/06/2014,10:49:39 AM,team 1,,,,Landward - Creek,2,quarter 3,2.5,35,3,stem 3,,TRUE,,TRUE,,TRUE,Leaf 1,,0,1,0
28/06/2014,10:49:48 AM,team 1,,,,Landward - Creek,2,quarter 3,2.5,35,3,stem 3,,TRUE,,TRUE,,TRUE,Leaf 2,,0,2,0
28/06/2014,10:50:04 AM,team 1,,,,Landward - Creek,2,quarter 3,2.5,35,3,stem 3,,TRUE,,TRUE,,TRUE,Leaf 3,TRUE,10,0,0
28/06/2014,10:50:16 AM,team 1,,,,Landward - Creek,2,quarter 3,2.5,35,3,stem 3,,TRUE,,TRUE,,TRUE,Leaf 4,TRUE,20,2,0
28/06/2014,10:50:27 AM,team 1,,,,Landward - Creek,2,quarter 3,2.5,35,3,stem 3,,TRUE,,TRUE,,TRUE,Leaf 5,,0,5,0
28/06/2014,10:50:38 AM,team 1,,,,Landward - Creek,2,quarter 3,2.5,35,3,stem 3,,TRUE,,TRUE,,TRUE,Leaf 6,,0,3,0
28/06/2014,10:51:05 AM,team 1,,,,Landward - Creek,2,quarter 3,2.5,35,3,stem 4,,TRUE,,,,,Leaf 1,,0,0,0
28/06/2014,10:51:15 AM,team 1,,,,Landward - Creek,2,quarter 3,2.5,35,3,stem 4,,TRUE,,,,,Leaf 2,,5,0,0
28/06/2014,10:51:28 AM,team 1,,,,Landward - Creek,2,quarter 3,2.5,35,3,stem 4,,TRUE,,,,,Leaf 3,TRUE,0,1,0
28/06/2014,10:51:41 AM,team 1,,,,Landward - Creek,2,quarter 3,2.5,35,3,stem 4,,TRUE,,,,,Leaf 4,,10,2,0
28/06/2014,10:51:48 AM,team 1,,,,Landward - Creek,2,quarter 3,2.5,35,3,stem 4,,TRUE,,,,,Leaf 5,,0,0,0
28/06/2014,10:52:03 AM,team 1,,,,Landward - Creek,2,quarter 3,2.5,35,3,stem 4,,TRUE,,,,,Leaf 6,,2,1,0
28/06/2014,10:52:31 AM,team 1,,,,Landward - Creek,2,quarter 3,2.5,35,3,stem 5,,TRUE,,TRUE,,TRUE,Leaf 1,,0,1,0
28/06/2014,10:52:40 AM,team 1,,,,Landward - Creek,2,quarter 3,2.5,35,3,stem 5,,TRUE,,TRUE,,TRUE,Leaf 2,,0,2,0
28/06/2014,10:52:51 AM,team 1,,,,Landward - Creek,2,quarter 3,2.5,35,3,stem 5,,TRUE,,TRUE,,TRUE,Leaf 3,TRUE,20,0,0
28/06/2014,10:53:05 AM,team 1,,,,Landward - Creek,2,quarter 3,2.5,35,3,stem 5,,TRUE,,TRUE,,TRUE,Leaf 4,TRUE,10,1,0
28/06/2014,10:53:17 AM,team 1,,,,Landward - Creek,2,quarter 3,2.5,35,3,stem 5,,TRUE,,TRUE,,TRUE,Leaf 5,,0,1,0
28/06/2014,10:53:30 AM,team 1,,,,Landward - Creek,2,quarter 3,2.5,35,3,stem 5,,TRUE,,TRUE,,TRUE,Leaf 6,,0,4,0
28/06/2014,10:54:07 AM,team 1,,,,Landward - Creek,2,quarter 3,2.5,35,3,stem 6,TRUE,,,TRUE,,,Leaf 1,,40,1,0
28/06/2014,10:54:18 AM,team 1,,,,Landward - Creek,2,quarter 3,2.5,35,3,stem 6,TRUE,,,TRUE,,,Leaf 2,,0,0,0
28/06/2014,10:54:28 AM,team 1,,,,Landward - Creek,2,quarter 3,2.5,35,3,stem 6,TRUE,,,TRUE,,,Leaf 3,,10,0,0
28/06/2014,10:54:39 AM,team 1,,,,Landward - Creek,2,quarter 3,2.5,35,3,stem 6,TRUE,,,TRUE,,,Leaf 4,,10,2,0
28/06/2014,10:54:51 AM,team 1,,,,Landward - Creek,2,quarter 3,2.5,35,3,stem 6,TRUE,,,TRUE,,,Leaf 5,TRUE,0,0,0
28/06/2014,10:55:00 AM,team 1,,,,Landward - Creek,2,quarter 3,2.5,35,3,stem 6,TRUE,,,TRUE,,,Leaf 6,,0,0,0
28/06/2014,10:55:25 AM,team 1,,,,Landward - Creek,2,quarter 3,2.5,35,3,stem 7,,TRUE,,TRUE,,TRUE,Leaf 1,,0,1,0
28/06/2014,10:55:39 AM,team 1,,,,Landward - Creek,2,quarter 3,2.5,35,3,stem 7,,TRUE,,TRUE,,TRUE,Leaf 2,TRUE,0,0,0
28/06/2014,10:55:49 AM,team 1,,,,Landward - Creek,2,quarter 3,2.5,35,3,stem 7,,TRUE,,TRUE,,TRUE,Leaf 3,TRUE,0,0,0
28/06/2014,10:55:58 AM,team 1,,,,Landward - Creek,2,quarter 3,2.5,35,3,stem 7,,TRUE,,TRUE,,TRUE,Leaf 4,TRUE,0,1,0
28/06/2014,10:56:15 AM,team 1,,,,Landward - Creek,2,quarter 3,2.5,35,3,stem 7,,TRUE,,TRUE,,TRUE,Leaf 5,TRUE,0,0,14
28/06/2014,10:56:28 AM,team 1,,,,Landward - Creek,2,quarter 3,2.5,35,3,stem 7,,TRUE,,TRUE,,TRUE,Leaf 6,TRUE,0,1,8
28/06/2014,10:56:52 AM,team 1,,,,Landward - Creek,2,quarter 3,2.5,35,3,stem 8,,TRUE,,TRUE,,TRUE,Leaf 1,,0,3,0
28/06/2014,10:57:02 AM,team 1,,,,Landward - Creek,2,quarter 3,2.5,35,3,stem 8,,TRUE,,TRUE,,TRUE,Leaf 2,,0,2,0
28/06/2014,10:57:13 AM,team 1,,,,Landward - Creek,2,quarter 3,2.5,35,3,stem 8,,TRUE,,TRUE,,TRUE,Leaf 3,,0,1,0
28/06/2014,10:57:21 AM,team 1,,,,Landward - Creek,2,quarter 3,2.5,35,3,stem 8,,TRUE,,TRUE,,TRUE,Leaf 4,,0,0,0
28/06/2014,10:57:32 AM,team 1,,,,Landward - Creek,2,quarter 3,2.5,35,3,stem 8,,TRUE,,TRUE,,TRUE,Leaf 5,TRUE,0,0,0
28/06/2014,10:57:40 AM,team 1,,,,Landward - Creek,2,quarter 3,2.5,35,3,stem 8,,TRUE,,TRUE,,TRUE,Leaf 6,,20,0,0
28/06/2014,12:41:47 PM,readies,,,,,2,return to transect point,2.5,35,3,return>quarter,,TRUE,,TRUE,,TRUE,return to stem,,,,
28/06/2014,12:41:54 PM,readies,,,,Seaward,2,return to transect point,2.5,35,3,return>quarter,,TRUE,,TRUE,,TRUE,return to stem,,,,
28/06/2014,12:42:09 PM,readies,-25.44728099,152.9879977,,Seaward,2,return to transect point,2.5,35,3,return>quarter,,TRUE,,TRUE,,TRUE,return to stem,,,,
28/06/2014,12:43:43 PM,readies,,,,Seaward,68,quarter 4,2,0.5,5,stem 1,,TRUE,,TRUE,,TRUE,Leaf 1,,0,0,0
28/06/2014,12:43:51 PM,readies,,,,Seaward,68,quarter 4,2,0.5,5,stem 1,,TRUE,,TRUE,,TRUE,Leaf 2,,0,0,0
28/06/2014,12:44:02 PM,readies,,,,Seaward,68,quarter 4,2,0.5,5,stem 1,,TRUE,,TRUE,,TRUE,Leaf 3,,10,0,0
28/06/2014,12:44:13 PM,readies,,,,Seaward,68,quarter 4,2,0.5,5,stem 1,,TRUE,,TRUE,,TRUE,Leaf 4,TRUE,0,0,0
28/06/2014,12:44:25 PM,readies,,,,Seaward,68,quarter 4,2,0.5,5,stem 1,,TRUE,,TRUE,,TRUE,Leaf 5,TRUE,10,2,0
28/06/2014,12:44:38 PM,readies,,,,Seaward,68,quarter 4,2,0.5,5,stem 1,,TRUE,,TRUE,,TRUE,Leaf 6,,3,4,0
28/06/2014,12:45:07 PM,readies,,,,Seaward,68,quarter 4,2,0.5,5,stem 2,TRUE,,,TRUE,,TRUE,Leaf 1,,0,0,0
28/06/2014,12:45:16 PM,readies,,,,Seaward,68,quarter 4,2,0.5,5,stem 2,TRUE,,,TRUE,,TRUE,Leaf 2,,0,0,0
28/06/2014,12:45:28 PM,readies,,,,Seaward,68,quarter 4,2,0.5,5,stem 2,TRUE,,,TRUE,,TRUE,Leaf 3,,0,0,0
28/06/2014,12:45:41 PM,readies,,,,Seaward,68,quarter 4,2,0.5,5,stem 2,TRUE,,,TRUE,,TRUE,Leaf 4,TRUE,0,0,0
28/06/2014,12:45:53 PM,readies,,,,Seaward,68,quarter 4,2,0.5,5,stem 2,TRUE,,,TRUE,,TRUE,Leaf 5,,0,0,2
28/06/2014,12:46:05 PM,readies,,,,Seaward,68,quarter 4,2,0.5,5,stem 2,TRUE,,,TRUE,,TRUE,Leaf 6,,0,2,0
28/06/2014,12:46:59 PM,readies,,,,Seaward,68,quarter 4,2,0.5,5,stem 3,TRUE,,,TRUE,TRUE,,Leaf 1,,0,4,0
28/06/2014,12:47:11 PM,readies,,,,Seaward,68,quarter 4,2,0.5,5,stem 3,TRUE,,,TRUE,TRUE,,Leaf 3,,0,5,0
28/06/2014,12:47:27 PM,readies,,,,Seaward,68,quarter 4,2,0.5,5,stem 3,TRUE,,,TRUE,TRUE,,Leaf 4,,0,0,0
28/06/2014,12:47:36 PM,readies,,,,Seaward,68,quarter 4,2,0.5,5,stem 3,TRUE,,,TRUE,TRUE,,Leaf 5,,0,0,0
28/06/2014,12:47:53 PM,readies,,,,Seaward,68,quarter 4,2,0.5,5,stem 3,TRUE,,,TRUE,TRUE,,Leaf 6,TRUE,40,2,0
28/06/2014,9:15:51 AM,reddies,,,,,,,,,,,,,,,,,,,,,
28/06/2014,10:33:36 AM,claire,,,,,,,,,,,,,,,,,,,,,
28/06/2014,10:34:01 AM,claire,,,,Landward - Creek,,,,,,,,,,,,,,,,,
28/06/2014,10:36:09 AM,claire,-25.44766199,152.9897192,,Landward - Creek,,,,,,,,,,,,,,,,,
28/06/2014,10:42:07 AM,claire,,,,Landward - Creek,57,quarter 3,0.9,0.7,7,stem 1,TRUE,,TRUE,,,,Leaf 1,,0,4,0
28/06/2014,10:43:31 AM,claire,,,,Landward - Creek,57,quarter 3,0.9,0.7,7,stem 1,TRUE,,TRUE,,,,Leaf 2,,15,6,0
28/06/2014,10:44:31 AM,claire,,,,Landward - Creek,57,quarter 3,0.9,0.7,7,stem 1,TRUE,,TRUE,,,,Leaf 3,,0,8,0
28/06/2014,10:45:05 AM,claire,,,,Landward - Creek,57,quarter 3,0.9,0.7,7,stem 1,TRUE,,TRUE,,,,Leaf 4,TRUE,0,0,0
28/06/2014,10:45:30 AM,claire,,,,Landward - Creek,57,quarter 3,0.9,0.7,7,stem 1,TRUE,,TRUE,,,,Leaf 5,TRUE,0,0,0
28/06/2014,10:45:37 AM,claire,,,,Landward - Creek,57,quarter 3,0.9,0.7,7,stem 1,TRUE,,TRUE,,,,Leaf 6,TRUE,0,0,0
28/06/2014,10:47:02 AM,claire,,,,Landward - Creek,57,quarter 3,0.9,0.7,7,stem 2,TRUE,,,,,,Leaf 1,,0,0,0
28/06/2014,10:47:43 AM,claire,,,,Landward - Creek,57,quarter 3,0.9,0.7,7,stem 2,TRUE,,,,,,Leaf 2,TRUE,0,2,0
28/06/2014,10:48:23 AM,claire,,,,Landward - Creek,57,quarter 3,0.9,0.7,7,stem 2,TRUE,,,,,,Leaf 3,TRUE,35,0,0
28/06/2014,10:48:59 AM,claire,,,,Landward - Creek,57,quarter 3,0.9,0.7,7,stem 2,TRUE,,,,,,Leaf 4,TRUE,45,0,0
28/06/2014,10:49:44 AM,claire,,,,Landward - Creek,57,quarter 3,0.9,0.7,7,stem 2,TRUE,,,,,,Leaf 5,TRUE,0,5,0
28/06/2014,10:50:33 AM,claire,,,,Landward - Creek,57,quarter 3,0.9,0.7,7,stem 2,TRUE,,,,,,Leaf 5,TRUE,5,1,0
28/06/2014,10:51:07 AM,claire,,,,Landward - Creek,57,quarter 3,0.9,0.7,7,stem 2,TRUE,,,,,,Leaf 6,,5,3,0
28/06/2014,10:52:21 AM,claire,,,,Landward - Creek,57,quarter 3,0.9,0.7,7,stem 3,TRUE,,,,,,Leaf 1,,0,5,0
28/06/2014,10:52:33 AM,claire,,,,Landward - Creek,57,quarter 3,0.9,0.7,7,stem 3,TRUE,,,,,,Leaf 2,,0,0,0
28/06/2014,10:52:54 AM,claire,,,,Landward - Creek,57,quarter 3,0.9,0.7,7,stem 3,TRUE,,,,,,Leaf 3,TRUE,5,3,0
28/06/2014,10:53:18 AM,claire,,,,Landward - Creek,57,quarter 3,0.9,0.7,7,stem 3,TRUE,,,,,,Leaf 4,,0,3,0
28/06/2014,10:53:42 AM,claire,,,,Landward - Creek,57,quarter 3,0.9,0.7,7,stem 3,TRUE,,,,,,Leaf 5,,0,3,0
28/06/2014,10:53:54 AM,claire,,,,Landward - Creek,57,quarter 3,0.9,0.7,7,stem 3,TRUE,,,,,,Leaf 6,,0,2,0
28/06/2014,10:54:56 AM,claire,,,,Landward - Creek,57,quarter 3,0.9,0.7,7,stem 4,TRUE,,,,,,Leaf 1,TRUE,20,3,0
28/06/2014,10:55:27 AM,claire,,,,Landward - Creek,57,quarter 3,0.9,0.7,7,stem 4,TRUE,,,,,,Leaf 2,,0,3,0
28/06/2014,10:56:12 AM,claire,,,,Landward - Creek,57,quarter 3,0.9,0.7,7,stem 4,TRUE,,,,,,Leaf 3,TRUE,20,10,0
28/06/2014,10:56:55 AM,claire,,,,Landward - Creek,57,quarter 3,0.9,0.7,7,stem 4,TRUE,,,,,,Leaf 4,,0,16,0
28/06/2014,10:57:10 AM,claire,,,,Landward - Creek,57,quarter 3,0.9,0.7,7,stem 4,TRUE,,,,,,Leaf 5,,0,0,0
28/06/2014,10:58:10 AM,claire,,,,Landward - Creek,57,quarter 3,0.9,0.7,7,stem 4,TRUE,,,,,,Leaf 6,TRUE,5,1,0
28/06/2014,10:59:56 AM,claire,,,,Landward - Creek,57,quarter 3,0.9,0.7,7,stem 5,TRUE,,,TRUE,,,Leaf 1,TRUE,10,35,0
28/06/2014,11:00:48 AM,claire,,,,Landward - Creek,57,quarter 3,0.9,0.7,7,stem 5,TRUE,,,TRUE,,,Leaf 2,,10,17,0
28/06/2014,11:01:27 AM,claire,,,,Landward - Creek,57,quarter 3,0.9,0.7,7,stem 5,TRUE,,,TRUE,,,Leaf 3,TRUE,2,18,0
28/06/2014,11:02:09 AM,claire,,,,Landward - Creek,57,quarter 3,0.9,0.7,7,stem 5,TRUE,,,TRUE,,,Leaf 4,TRUE,20,13,0
28/06/2014,11:02:25 AM,claire,,,,Landward - Creek,57,quarter 3,0.9,0.7,7,stem 5,TRUE,,,TRUE,,,Leaf 5,TRUE,0,0,0
28/06/2014,11:03:10 AM,claire,,,,Landward - Creek,57,quarter 3,0.9,0.7,7,stem 5,TRUE,,,TRUE,,,Leaf 6,,30,9,0
28/06/2014,11:03:49 AM,claire,,,,Landward - Creek,57,quarter 3,0.9,0.7,7,stem 6,TRUE,,,,,,Leaf 1,TRUE,15,1,0
28/06/2014,11:04:22 AM,claire,,,,Landward - Creek,57,quarter 3,0.9,0.7,7,stem 6,TRUE,,,,,,Leaf 2,TRUE,15,3,0
28/06/2014,11:05:02 AM,claire,,,,Landward - Creek,57,quarter 3,0.9,0.7,7,stem 6,TRUE,,,,,,Leaf 3,TRUE,15,15,0
28/06/2014,11:05:23 AM,claire,,,,Landward - Creek,57,quarter 3,0.9,0.7,7,stem 6,TRUE,,,,,,Leaf 4,,10,9,0
28/06/2014,11:05:41 AM,claire,,,,Landward - Creek,57,quarter 3,0.9,0.7,7,stem 6,TRUE,,,,,,Leaf 4,TRUE,20,4,0
28/06/2014,11:06:02 AM,claire,,,,Landward - Creek,57,quarter 3,0.9,0.7,7,stem 6,TRUE,,,,,,Leaf 5,TRUE,5,11,0
28/06/2014,11:06:15 AM,claire,,,,Landward - Creek,57,quarter 3,0.9,0.7,7,stem 6,TRUE,,,,,,Leaf 6,,0,13,0
28/06/2014,11:06:51 AM,claire,,,,Landward - Creek,57,quarter 3,0.9,0.7,7,stem 7,TRUE,,TRUE,,TRUE,,Leaf 1,,0,10,0
28/06/2014,11:07:03 AM,claire,,,,Landward - Creek,57,quarter 3,0.9,0.7,7,stem 7,TRUE,,TRUE,,TRUE,,Leaf 2,,0,8,0
28/06/2014,11:07:15 AM,claire,,,,Landward - Creek,57,quarter 3,0.9,0.7,7,stem 7,TRUE,,TRUE,,TRUE,,Leaf 3,TRUE,0,5,0
28/06/2014,11:07:25 AM,claire,,,,Landward - Creek,57,quarter 3,0.9,0.7,7,stem 7,TRUE,,TRUE,,TRUE,,Leaf 4,TRUE,5,4,0
28/06/2014,11:07:39 AM,claire,,,,Landward - Creek,57,quarter 3,0.9,0.7,7,stem 7,TRUE,,TRUE,,TRUE,,Leaf 5,TRUE,50,1,0
28/06/2014,11:07:54 AM,claire,,,,Landward - Creek,57,quarter 3,0.9,0.7,7,stem 7,TRUE,,TRUE,,TRUE,,Leaf 6,TRUE,10,2,0
28/06/2014,11:08:25 AM,claire,,,,Landward - Creek,57,quarter 3,0.9,0.7,7,stem 8,TRUE,,,,,,Leaf 1,,0,3,0
28/06/2014,11:08:33 AM,claire,,,,Landward - Creek,57,quarter 3,0.9,0.7,7,stem 8,TRUE,,,,,,Leaf 2,TRUE,0,7,0
28/06/2014,11:08:45 AM,claire,,,,Landward - Creek,57,quarter 3,0.9,0.7,7,stem 8,TRUE,,,,,,Leaf 3,,0,2,0
28/06/2014,11:08:57 AM,claire,,,,Landward - Creek,57,quarter 3,0.9,0.7,7,stem 8,TRUE,,,,,,Leaf 4,,0,3,0
28/06/2014,11:09:09 AM,claire,,,,Landward - Creek,57,quarter 3,0.9,0.7,7,stem 8,TRUE,,,,,,Leaf 5,TRUE,0,8,0
28/06/2014,11:09:23 AM,claire,,,,Landward - Creek,57,quarter 3,0.9,0.7,7,stem 8,TRUE,,,,,,Leaf 6,TRUE,10,8,0
28/06/2014,11:57:31 AM,claire,-25.44743484,152.9883036,,Landward - Creek,57,return to transect point,0.9,0.7,7,return>quarter,TRUE,,,,,,return to stem,,,,
28/06/2014,12:01:53 PM,claire,,,,Landward - Creek,68,quarter 1,1.2,1,8,stem 1,,TRUE,,,,,Leaf 1,TRUE,0,0,0
28/06/2014,12:02:20 PM,claire,,,,Landward - Creek,68,quarter 1,1.2,1,8,stem 1,,TRUE,,,,,Leaf 2,TRUE,25,1,0
28/06/2014,12:02:45 PM,claire,,,,Landward - Creek,68,quarter 1,1.2,1,8,stem 1,,TRUE,,,,,Leaf 3,,0,0,0
28/06/2014,12:05:05 PM,claire,,,,Landward - Creek,68,quarter 1,1.2,1,8,stem 1,,TRUE,,,,,Leaf 3,,0,0,0
28/06/2014,12:05:25 PM,claire,,,,Landward - Creek,68,quarter 1,1.2,1,8,stem 1,,TRUE,,,,,Leaf 4,TRUE,5,0,0
28/06/2014,12:06:03 PM,claire,,,,Landward - Creek,68,quarter 1,1.2,1,8,stem 1,,TRUE,,,,,Leaf 5,TRUE,20,5,0
28/06/2014,12:06:26 PM,claire,,,,Landward - Creek,68,quarter 1,1.2,1,8,stem 1,,TRUE,,,,,Leaf 6,TRUE,10,0,0
28/06/2014,12:07:45 PM,claire,,,,Landward - Creek,68,quarter 1,1.2,1,8,stem 2,,TRUE,,,,,Leaf 1,TRUE,5,3,0
28/06/2014,12:08:18 PM,claire,,,,Landward - Creek,68,quarter 1,1.2,1,8,stem 2,,TRUE,,,,,Leaf 2,TRUE,50,0,0
28/06/2014,12:08:42 PM,claire,,,,Landward - Creek,68,quarter 1,1.2,1,8,stem 2,,TRUE,,,,,Leaf 3,TRUE,0,2,0
28/06/2014,12:08:58 PM,claire,,,,Landward - Creek,68,quarter 1,1.2,1,8,stem 2,,TRUE,,,,,Leaf 4,TRUE,5,5,0
28/06/2014,12:09:24 PM,claire,,,,Landward - Creek,68,quarter 1,1.2,1,8,stem 2,,TRUE,,,,,Leaf 5,TRUE,5,3,0
28/06/2014,12:09:41 PM,claire,,,,Landward - Creek,68,quarter 1,1.2,1,8,stem 2,,TRUE,,,,,Leaf 6,,3,1,0
28/06/2014,12:10:27 PM,claire,,,,Landward - Creek,68,quarter 1,1.2,1,8,stem 3,TRUE,,TRUE,,,,Leaf 1,TRUE,5,7,0
28/06/2014,12:10:54 PM,claire,,,,Landward - Creek,68,quarter 1,1.2,1,8,stem 3,TRUE,,TRUE,,,,Leaf 2,,0,5,0
28/06/2014,12:11:37 PM,claire,,,,Landward - Creek,68,quarter 1,1.2,1,8,stem 3,TRUE,,TRUE,,,,Leaf 3,,10,11,0
28/06/2014,12:12:09 PM,claire,,,,Landward - Creek,68,quarter 1,1.2,1,8,stem 3,TRUE,,TRUE,,,,Leaf 4,,10,12,0
28/06/2014,12:12:24 PM,claire,,,,Landward - Creek,68,quarter 1,1.2,1,8,stem 3,TRUE,,TRUE,,,,Leaf 5,TRUE,5,0,0
28/06/2014,12:12:42 PM,claire,,,,Landward - Creek,68,quarter 1,1.2,1,8,stem 3,TRUE,,TRUE,,,,Leaf 6,TRUE,5,3,0
28/06/2014,12:13:23 PM,claire,,,,Landward - Creek,68,quarter 1,1.2,1,8,stem 4,TRUE,,,,,,Leaf 1,TRUE,5,3,0
28/06/2014,12:13:40 PM,claire,,,,Landward - Creek,68,quarter 1,1.2,1,8,stem 4,TRUE,,,,,,Leaf 2,TRUE,5,5,0
28/06/2014,12:14:01 PM,claire,,,,Landward - Creek,68,quarter 1,1.2,1,8,stem 4,TRUE,,,,,,Leaf 3,,0,8,0
28/06/2014,12:14:48 PM,claire,,,,Landward - Creek,68,quarter 1,1.2,1,8,stem 4,TRUE,,,,,,Leaf 4,TRUE,5,0,0
28/06/2014,12:15:00 PM,claire,,,,Landward - Creek,68,quarter 1,1.2,1,8,stem 4,TRUE,,,,,,Leaf 5,TRUE,5,4,0
28/06/2014,12:15:13 PM,claire,,,,Landward - Creek,68,quarter 1,1.2,1,8,stem 4,TRUE,,,,,,Leaf 6,,15,0,0
28/06/2014,12:15:49 PM,claire,,,,Landward - Creek,68,quarter 1,1.2,1,8,stem 5,TRUE,,,,,,Leaf 1,TRUE,5,3,0
28/06/2014,12:15:58 PM,claire,,,,Landward - Creek,68,quarter 1,1.2,1,8,stem 5,TRUE,,,,,,Leaf 2,TRUE,0,0,0
28/06/2014,12:16:07 PM,claire,,,,Landward - Creek,68,quarter 1,1.2,1,8,stem 5,TRUE,,,,,,Leaf 3,TRUE,0,0,0
28/06/2014,12:16:18 PM,claire,,,,Landward - Creek,68,quarter 1,1.2,1,8,stem 5,TRUE,,,,,,Leaf 4,TRUE,0,0,0
28/06/2014,12:16:30 PM,claire,,,,Landward - Creek,68,quarter 1,1.2,1,8,stem 5,TRUE,,,,,,Leaf 5,TRUE,5,4,0
28/06/2014,12:16:37 PM,claire,,,,Landward - Creek,68,quarter 1,1.2,1,8,stem 5,TRUE,,,,,,Leaf 6,TRUE,0,0,0
28/06/2014,12:18:10 PM,claire,,,,Landward - Creek,68,quarter 1,1.2,1,8,stem 6,TRUE,,TRUE,,,,Leaf 1,TRUE,15,1,0
28/06/2014,12:18:24 PM,claire,,,,Landward - Creek,68,quarter 1,1.2,1,8,stem 6,TRUE,,TRUE,,,,Leaf 2,TRUE,3,2,0
28/06/2014,12:18:36 PM,claire,,,,Landward - Creek,68,quarter 1,1.2,1,8,stem 6,TRUE,,TRUE,,,,Leaf 3,TRUE,5,2,0
28/06/2014,12:18:54 PM,claire,,,,Landward - Creek,68,quarter 1,1.2,1,8,stem 6,TRUE,,TRUE,,,,Leaf 4,TRUE,5,4,0
28/06/2014,12:19:13 PM,claire,,,,Landward - Creek,68,quarter 1,1.2,1,8,stem 6,TRUE,,TRUE,,,,Leaf 5,TRUE,5,4,0
28/06/2014,12:19:28 PM,claire,,,,Landward - Creek,68,quarter 1,1.2,1,8,stem 6,TRUE,,TRUE,,,,Leaf 5,TRUE,3,6,0
28/06/2014,12:19:49 PM,claire,,,,Landward - Creek,68,quarter 1,1.2,1,8,stem 6,TRUE,,TRUE,,,,Leaf 6,TRUE,0,5,0
28/06/2014,12:20:14 PM,claire,,,,Landward - Creek,68,quarter 1,1.2,1,8,stem 7,TRUE,,TRUE,,,,Leaf 1,TRUE,15,0,0
28/06/2014,12:20:30 PM,claire,,,,Landward - Creek,68,quarter 1,1.2,1,8,stem 7,TRUE,,TRUE,,,,Leaf 2,TRUE,20,5,0
28/06/2014,12:20:43 PM,claire,,,,Landward - Creek,68,quarter 1,1.2,1,8,stem 7,TRUE,,TRUE,,,,Leaf 3,TRUE,0,1,0
28/06/2014,12:20:53 PM,claire,,,,Landward - Creek,68,quarter 1,1.2,1,8,stem 7,TRUE,,TRUE,,,,Leaf 4,TRUE,5,2,0
28/06/2014,12:21:23 PM,claire,,,,Landward - Creek,68,quarter 1,1.2,1,8,stem 7,TRUE,,TRUE,,,,Leaf 5,TRUE,40,5,0
28/06/2014,12:21:36 PM,claire,,,,Landward - Creek,68,quarter 1,1.2,1,8,stem 7,TRUE,,TRUE,,,,Leaf 6,TRUE,30,1,0
28/06/2014,12:22:10 PM,claire,,,,Landward - Creek,68,quarter 1,1.2,1,8,stem 8,TRUE,,TRUE,,,,Leaf 1,TRUE,5,1,0
28/06/2014,12:22:17 PM,claire,,,,Landward - Creek,68,quarter 1,1.2,1,8,stem 8,TRUE,,TRUE,,,,Leaf 2,TRUE,0,0,0
28/06/2014,12:22:27 PM,claire,,,,Landward - Creek,68,quarter 1,1.2,1,8,stem 8,TRUE,,TRUE,,,,Leaf 3,TRUE,5,0,0
28/06/2014,12:22:38 PM,claire,,,,Landward - Creek,68,quarter 1,1.2,1,8,stem 8,TRUE,,TRUE,,,,Leaf 4,TRUE,5,3,0
28/06/2014,12:23:01 PM,claire,,,,Landward - Creek,68,quarter 1,1.2,1,8,stem 8,TRUE,,TRUE,,,,Leaf 5,TRUE,20,4,0
28/06/2014,12:25:07 PM,claire,,,,Landward - Creek,68,quarter 2,0.7,1.4,8,stem 1,,TRUE,,,,,Leaf 1,TRUE,0,8,0
28/06/2014,12:25:29 PM,claire,,,,Landward - Creek,68,quarter 2,0.7,1.4,8,stem 1,,TRUE,,,,,Leaf 2,TRUE,0,14,0
28/06/2014,12:25:42 PM,claire,,,,Landward - Creek,68,quarter 2,0.7,1.4,8,stem 1,,TRUE,,,,,Leaf 3,TRUE,0,3,0
28/06/2014,12:25:50 PM,claire,,,,Landward - Creek,68,quarter 2,0.7,1.4,8,stem 1,,TRUE,,,,,Leaf 4,TRUE,0,0,0
28/06/2014,12:26:11 PM,claire,,,,Landward - Creek,68,quarter 2,0.7,1.4,8,stem 1,,TRUE,,,,,Leaf 5,TRUE,0,0,1
28/06/2014,12:26:36 PM,claire,,,,Landward - Creek,68,quarter 2,0.7,1.4,8,stem 1,,TRUE,,,,,Leaf 6,TRUE,3,5,0
28/06/2014,12:27:08 PM,claire,,,,Landward - Creek,68,quarter 2,0.7,1.4,8,stem 2,TRUE,,,,,,Leaf 1,TRUE,5,7,0
28/06/2014,12:27:12 PM,claire,,,,Landward - Creek,68,quarter 2,0.7,1.4,8,stem 2,TRUE,,,,,,Leaf 2,TRUE,0,0,0
28/06/2014,12:27:16 PM,claire,,,,Landward - Creek,68,quarter 2,0.7,1.4,8,stem 2,TRUE,,,,,,Leaf 3,TRUE,0,0,0
28/06/2014,12:27:51 PM,claire,,,,Landward - Creek,68,quarter 2,0.7,1.4,8,stem 2,TRUE,,,,,,Leaf 4,TRUE,,2,0
28/06/2014,12:28:09 PM,claire,,,,Landward - Creek,68,quarter 2,0.7,1.4,8,stem 2,TRUE,,,,,,Leaf 4,TRUE,5,4,0
28/06/2014,12:28:24 PM,claire,,,,Landward - Creek,68,quarter 2,0.7,1.4,8,stem 2,TRUE,,,,,,Leaf 5,TRUE,15,6,0
28/06/2014,12:29:04 PM,claire,,,,Landward - Creek,68,quarter 2,0.7,1.4,8,stem 2,TRUE,,,,,,Leaf 6,TRUE,20,0,0
28/06/2014,12:29:30 PM,claire,,,,Landward - Creek,68,quarter 2,0.7,1.4,8,stem 3,TRUE,,,,,,Leaf 1,TRUE,25,0,0
28/06/2014,12:29:36 PM,claire,,,,Landward - Creek,68,quarter 2,0.7,1.4,8,stem 3,TRUE,,,,,,Leaf 2,TRUE,0,0,0
28/06/2014,12:29:39 PM,claire,,,,Landward - Creek,68,quarter 2,0.7,1.4,8,stem 3,TRUE,,,,,,Leaf 3,TRUE,0,0,0
28/06/2014,12:30:08 PM,claire,,,,Landward - Creek,68,quarter 2,0.7,1.4,8,stem 3,TRUE,,,,,,Leaf 4,TRUE,50,18,0
28/06/2014,12:30:39 PM,claire,,,,Landward - Creek,68,quarter 2,0.7,1.4,8,stem 3,TRUE,,,,,,Leaf 5,TRUE,40,9,0
28/06/2014,12:31:37 PM,claire,,,,Landward - Creek,68,quarter 2,0.7,1.4,8,stem 3,TRUE,,,,,,Leaf 5,TRUE,5,1,0
28/06/2014,12:31:56 PM,claire,,,,Landward - Creek,68,quarter 2,0.7,1.4,8,stem 3,TRUE,,,,,,Leaf 6,TRUE,20,5,0
28/06/2014,12:32:23 PM,claire,,,,Landward - Creek,68,quarter 2,0.7,1.4,8,stem 4,TRUE,,,,,,Leaf 1,TRUE,0,0,0
28/06/2014,12:32:34 PM,claire,,,,Landward - Creek,68,quarter 2,0.7,1.4,8,stem 4,TRUE,,,,,,Leaf 2,,0,0,0
28/06/2014,12:32:48 PM,claire,,,,Landward - Creek,68,quarter 2,0.7,1.4,8,stem 4,TRUE,,,,,,Leaf 3,TRUE,20,5,0
28/06/2014,12:33:07 PM,claire,,,,Landward - Creek,68,quarter 2,0.7,1.4,8,stem 4,TRUE,,,,,,Leaf 4,,5,3,0
28/06/2014,12:33:28 PM,claire,,,,Landward - Creek,68,quarter 2,0.7,1.4,8,stem 4,TRUE,,,,,,Leaf 5,TRUE,5,7,0
28/06/2014,12:33:37 PM,claire,,,,Landward - Creek,68,quarter 2,0.7,1.4,8,stem 4,TRUE,,,,,,Leaf 6,TRUE,20,0,0
28/06/2014,12:34:40 PM,claire,,,,Landward - Creek,68,quarter 2,0.7,1.4,8,stem 5,TRUE,,TRUE,,,,Leaf 1,TRUE,5,2,0
28/06/2014,12:34:54 PM,claire,,,,Landward - Creek,68,quarter 2,0.7,1.4,8,stem 5,TRUE,,TRUE,,,,Leaf 2,TRUE,5,5,0
28/06/2014,12:35:02 PM,claire,,,,Landward - Creek,68,quarter 2,0.7,1.4,8,stem 5,TRUE,,TRUE,,,,Leaf 3,TRUE,0,0,0
28/06/2014,12:35:06 PM,claire,,,,Landward - Creek,68,quarter 2,0.7,1.4,8,stem 5,TRUE,,TRUE,,,,Leaf 4,TRUE,0,0,0
28/06/2014,12:35:20 PM,claire,,,,Landward - Creek,68,quarter 2,0.7,1.4,8,stem 5,TRUE,,TRUE,,,,Leaf 5,TRUE,0,2,0
28/06/2014,12:35:33 PM,claire,,,,Landward - Creek,68,quarter 2,0.7,1.4,8,stem 5,TRUE,,TRUE,,,,Leaf 6,TRUE,0,6,0
28/06/2014,12:36:27 PM,claire,,,,Landward - Creek,68,quarter 2,0.7,1.4,8,stem 6,TRUE,,,,,,Leaf 1,TRUE,15,10,0
28/06/2014,12:36:54 PM,claire,,,,Landward - Creek,68,quarter 2,0.7,1.4,8,stem 6,TRUE,,,,,,Leaf 2,TRUE,30,25,0
28/06/2014,12:37:10 PM,claire,,,,Landward - Creek,68,quarter 2,0.7,1.4,8,stem 6,TRUE,,,,,,Leaf 3,TRUE,50,6,0
28/06/2014,12:37:29 PM,claire,,,,Landward - Creek,68,quarter 2,0.7,1.4,8,stem 6,TRUE,,,,,,Leaf 4,TRUE,0,0,0
28/06/2014,12:37:33 PM,claire,,,,Landward - Creek,68,quarter 2,0.7,1.4,8,stem 6,TRUE,,,,,,Leaf 5,TRUE,0,0,0
28/06/2014,12:37:47 PM,claire,,,,Landward - Creek,68,quarter 2,0.7,1.4,8,stem 6,TRUE,,,,,,Leaf 6,TRUE,5,3,0
28/06/2014,12:38:34 PM,claire,,,,Landward - Creek,68,quarter 2,0.7,1.4,8,stem 7,TRUE,,,TRUE,,,Leaf 1,TRUE,0,6,0
28/06/2014,12:38:48 PM,claire,,,,Landward - Creek,68,quarter 2,0.7,1.4,8,stem 7,TRUE,,,TRUE,,,Leaf 2,TRUE,10,5,0
28/06/2014,12:39:01 PM,claire,,,,Landward - Creek,68,quarter 2,0.7,1.4,8,stem 7,TRUE,,,TRUE,,,Leaf 3,TRUE,10,6,0
28/06/2014,12:39:18 PM,claire,,,,Landward - Creek,68,quarter 2,0.7,1.4,8,stem 7,TRUE,,,TRUE,,,Leaf 4,TRUE,0,1,0
28/06/2014,12:39:32 PM,claire,,,,Landward - Creek,68,quarter 2,0.7,1.4,8,stem 7,TRUE,,,TRUE,,,Leaf 5,TRUE,15,5,0
28/06/2014,12:39:56 PM,claire,,,,Landward - Creek,68,quarter 2,0.7,1.4,8,stem 7,TRUE,,,TRUE,,,Leaf 6,TRUE,10,4,0
28/06/2014,12:40:29 PM,claire,,,,Landward - Creek,68,quarter 2,0.7,1.4,8,stem 8,TRUE,,,,,,Leaf 1,TRUE,5,0,0
28/06/2014,12:41:10 PM,claire,,,,Landward - Creek,68,quarter 2,0.7,1.4,8,stem 8,TRUE,,,,,,Leaf 2,TRUE,5,6,0
28/06/2014,12:41:24 PM,claire,,,,Landward - Creek,68,quarter 2,0.7,1.4,8,stem 8,TRUE,,,,,,Leaf 3,TRUE,10,3,0
28/06/2014,12:41:56 PM,claire,,,,Landward - Creek,68,quarter 2,0.7,1.4,8,stem 8,TRUE,,,,,,Leaf 4,TRUE,5,5,0
28/06/2014,12:42:10 PM,claire,,,,Landward - Creek,68,quarter 2,0.7,1.4,8,stem 8,TRUE,,,,,,Leaf 5,TRUE,5,0,0
28/06/2014,12:42:49 PM,claire,,,,Landward - Creek,68,quarter 2,0.7,1.4,8,stem 8,TRUE,,,,,,Leaf 6,TRUE,0,7,0
28/06/2014,12:46:39 PM,claire,,,,Landward - Creek,68,quarter 4,4.5,0.7,6,stem 1,,TRUE,,,,,Leaf 1,TRUE,20,8,0
28/06/2014,12:47:08 PM,claire,,,,Landward - Creek,68,quarter 4,4.5,0.7,6,stem 1,,TRUE,,,,,Leaf 2,TRUE,0,0,0
28/06/2014,12:47:14 PM,claire,,,,Landward - Creek,68,quarter 4,4.5,0.7,6,stem 1,,TRUE,,,,,Leaf 3,TRUE,0,0,0
28/06/2014,12:47:21 PM,claire,,,,Landward - Creek,68,quarter 4,4.5,0.7,6,stem 1,,TRUE,,,,,Leaf 4,,5,0,0
28/06/2014,12:47:34 PM,claire,,,,Landward - Creek,68,quarter 4,4.5,0.7,6,stem 1,,TRUE,,,,,Leaf 5,TRUE,5,0,0
28/06/2014,12:47:46 PM,claire,,,,Landward - Creek,68,quarter 4,4.5,0.7,6,stem 1,,TRUE,,,,,Leaf 6,TRUE,10,1,0
28/06/2014,12:48:14 PM,claire,,,,Landward - Creek,68,quarter 4,4.5,0.7,6,stem 2,,TRUE,,,,,Leaf 1,TRUE,15,3,0
28/06/2014,12:48:38 PM,claire,,,,Landward - Creek,68,quarter 4,4.5,0.7,6,stem 2,,TRUE,,,,,Leaf 2,TRUE,50,0,0
28/06/2014,12:48:54 PM,claire,,,,Landward - Creek,68,quarter 4,4.5,0.7,6,stem 2,,TRUE,,,,,Leaf 3,TRUE,15,1,0
28/06/2014,12:49:05 PM,claire,,,,Landward - Creek,68,quarter 4,4.5,0.7,6,stem 2,,TRUE,,,,,Leaf 3,TRUE,20,0,0
28/06/2014,12:49:22 PM,claire,,,,Landward - Creek,68,quarter 4,4.5,0.7,6,stem 2,,TRUE,,,,,Leaf 4,TRUE,35,2,0
28/06/2014,12:49:36 PM,claire,,,,Landward - Creek,68,quarter 4,4.5,0.7,6,stem 2,,TRUE,,,,,Leaf 5,TRUE,40,1,0
28/06/2014,12:49:59 PM,claire,,,,Landward - Creek,68,quarter 4,4.5,0.7,6,stem 2,,TRUE,,,,,Leaf 6,,10,0,0
28/06/2014,12:50:25 PM,claire,,,,Landward - Creek,68,quarter 4,4.5,0.7,6,stem 3,TRUE,,,,,,Leaf 1,,0,0,0
28/06/2014,12:50:31 PM,claire,,,,Landward - Creek,68,quarter 4,4.5,0.7,6,stem 3,TRUE,,,,,,Leaf 2,TRUE,5,0,0
28/06/2014,12:50:51 PM,claire,,,,Landward - Creek,68,quarter 4,4.5,0.7,6,stem 3,TRUE,,,,,,Leaf 3,TRUE,0,0,1
28/06/2014,12:51:11 PM,claire,,,,Landward - Creek,68,quarter 4,4.5,0.7,6,stem 3,TRUE,,,,,,Leaf 4,,5,1,0
28/06/2014,12:51:20 PM,claire,,,,Landward - Creek,68,quarter 4,4.5,0.7,6,stem 3,TRUE,,,,,,Leaf 5,TRUE,5,0,0
28/06/2014,12:51:43 PM,claire,,,,Landward - Creek,68,quarter 4,4.5,0.7,6,stem 3,TRUE,,,,,,Leaf 6,TRUE,70,0,0
28/06/2014,12:52:10 PM,claire,,,,Landward - Creek,68,quarter 4,4.5,0.7,6,stem 4,TRUE,,,,,,Leaf 1,,3,3,0
28/06/2014,12:52:24 PM,claire,,,,Landward - Creek,68,quarter 4,4.5,0.7,6,stem 4,TRUE,,,,,,Leaf 2,TRUE,5,2,0
28/06/2014,12:52:54 PM,claire,,,,Landward - Creek,68,quarter 4,4.5,0.7,6,stem 4,TRUE,,,,,,Leaf 3,,70,0,0
28/06/2014,12:53:24 PM,claire,,,,Landward - Creek,68,quarter 4,4.5,0.7,6,stem 4,TRUE,,,,,,Leaf 4,TRUE,65,1,0
28/06/2014,12:53:39 PM,claire,,,,Landward - Creek,68,quarter 4,4.5,0.7,6,stem 4,TRUE,,,,,,Leaf 5,TRUE,0,2,0
28/06/2014,12:53:50 PM,claire,,,,Landward - Creek,68,quarter 4,4.5,0.7,6,stem 4,TRUE,,,,,,Leaf 6,TRUE,35,0,0
28/06/2014,12:54:21 PM,claire,,,,Landward - Creek,68,quarter 4,4.5,0.7,6,stem 5,TRUE,,TRUE,,,,Leaf 1,,5,4,0
28/06/2014,12:54:29 PM,claire,,,,Landward - Creek,68,quarter 4,4.5,0.7,6,stem 5,TRUE,,TRUE,,,,Leaf 2,TRUE,5,4,0
28/06/2014,12:54:40 PM,claire,,,,Landward - Creek,68,quarter 4,4.5,0.7,6,stem 5,TRUE,,TRUE,,,,Leaf 3,TRUE,15,13,0
28/06/2014,12:54:51 PM,claire,,,,Landward - Creek,68,quarter 4,4.5,0.7,6,stem 5,TRUE,,TRUE,,,,Leaf 4,TRUE,15,7,0
28/06/2014,12:55:02 PM,claire,,,,Landward - Creek,68,quarter 4,4.5,0.7,6,stem 5,TRUE,,TRUE,,,,Leaf 5,TRUE,50,8,0
28/06/2014,12:55:12 PM,claire,,,,Landward - Creek,68,quarter 4,4.5,0.7,6,stem 5,TRUE,,TRUE,,,,Leaf 6,TRUE,5,2,0
28/06/2014,12:55:33 PM,claire,,,,Landward - Creek,68,quarter 4,4.5,0.7,6,stem 6,TRUE,,TRUE,,,,Leaf 2,TRUE,5,7,0
28/06/2014,12:55:49 PM,claire,,,,Landward - Creek,68,quarter 4,4.5,0.7,6,stem 6,TRUE,,TRUE,,,,Leaf 2,TRUE,5,3,6
28/06/2014,12:55:58 PM,claire,,,,Landward - Creek,68,quarter 4,4.5,0.7,6,stem 6,TRUE,,TRUE,,,,Leaf 3,TRUE,0,0,0
28/06/2014,12:56:05 PM,claire,,,,Landward - Creek,68,quarter 4,4.5,0.7,6,stem 6,TRUE,,TRUE,,,,Leaf 5,TRUE,5,0,0
28/06/2014,12:56:17 PM,claire,,,,Landward - Creek,68,quarter 4,4.5,0.7,6,stem 6,TRUE,,TRUE,,,,Leaf 5,TRUE,10,0,0
28/06/2014,12:56:33 PM,claire,,,,Landward - Creek,68,quarter 4,4.5,0.7,6,stem 6,TRUE,,TRUE,,,,Leaf 6,TRUE,5,0,0
28/06/2014,12:57:03 PM,claire,,,,Landward - Creek,68,quarter 4,4.5,0.7,6,stem 7,TRUE,,TRUE,,TRUE,,Leaf 1,TRUE,3,8,0
28/06/2014,12:57:13 PM,claire,,,,Landward - Creek,68,quarter 4,4.5,0.7,6,stem 7,TRUE,,TRUE,,TRUE,,Leaf 2,TRUE,30,2,0
28/06/2014,12:57:23 PM,claire,,,,Landward - Creek,68,quarter 4,4.5,0.7,6,stem 7,TRUE,,TRUE,,TRUE,,Leaf 3,,5,0,0
28/06/2014,12:57:34 PM,claire,,,,Landward - Creek,68,quarter 4,4.5,0.7,6,stem 7,TRUE,,TRUE,,TRUE,,Leaf 4,,5,0,0
28/06/2014,12:57:45 PM,claire,,,,Landward - Creek,68,quarter 4,4.5,0.7,6,stem 7,TRUE,,TRUE,,TRUE,,Leaf 5,,0,0,0
28/06/2014,12:57:55 PM,claire,,,,Landward - Creek,68,quarter 4,4.5,0.7,6,stem 7,TRUE,,TRUE,,TRUE,,Leaf 6,,10,3,0
28/06/2014,12:58:25 PM,claire,,,,Landward - Creek,68,quarter 4,4.5,0.7,6,stem 8,TRUE,,TRUE,,,,Leaf 1,TRUE,20,1,0
28/06/2014,12:58:40 PM,claire,,,,Landward - Creek,68,quarter 4,4.5,0.7,6,stem 8,TRUE,,TRUE,,,,Leaf 2,TRUE,5,9,0
28/06/2014,12:58:53 PM,claire,,,,Landward - Creek,68,quarter 4,4.5,0.7,6,stem 8,TRUE,,TRUE,,,,Leaf 3,TRUE,40,1,0
28/06/2014,12:59:08 PM,claire,,,,Landward - Creek,68,quarter 4,4.5,0.7,6,stem 8,TRUE,,TRUE,,,,Leaf 4,TRUE,35,5,0
28/06/2014,12:59:23 PM,claire,,,,Landward - Creek,68,quarter 4,4.5,0.7,6,stem 8,TRUE,,TRUE,,,,Leaf 5,,5,11,0
28/06/2014,12:59:35 PM,claire,,,,Landward - Creek,68,quarter 4,4.5,0.7,6,stem 8,TRUE,,TRUE,,,,Leaf 6,TRUE,70,1,0
28/06/2014,9:14:52 AM,clalex,,,,,,,,,,,,,,,,,,,,,
28/06/2014,9:14:57 AM,clalex,,,,Landward - Creek,,,,,,,,,,,,,,,,,
28/06/2014,9:15:19 AM,clalex,,,,Landward - Creek,,,,,,,,,,,,,,,,,
28/06/2014,9:15:43 AM,clalex,,,,Landward - Creek,,,,,,,,,,,,,,,,,
28/06/2014,9:37:35 AM,clalex,,,,,,return to transect point,20,20,20,return>quarter,,,,,,,return to stem,,,,
28/06/2014,9:37:53 AM,clalex,,,,Landward - Creek,,return to transect point,20,20,20,return>quarter,,,,,,,return to stem,,,,
28/06/2014,9:39:28 AM,clalex,-25.44749999,152.990304,,Landward - Creek,,return to transect point,20,20,20,return>quarter,,,,,,,return to stem,,,,
28/06/2014,9:50:29 AM,clalex,,,,Landward - Creek,0,quarter 1,180,3.45,17.5,stem 1,TRUE,,,TRUE,TRUE,,Leaf 1,,0,5,0
28/06/2014,9:51:17 AM,clalex,,,,Landward - Creek,0,quarter 1,180,3.45,17.5,stem 1,TRUE,,,TRUE,TRUE,,Leaf 2,TRUE,2,3,1
28/06/2014,9:51:54 AM,clalex,,,,Landward - Creek,0,quarter 1,180,3.45,17.5,stem 1,TRUE,,,TRUE,TRUE,,Leaf 3,,0,0,0
28/06/2014,9:52:00 AM,clalex,,,,Landward - Creek,0,quarter 1,180,3.45,17.5,stem 1,TRUE,,,TRUE,TRUE,,Leaf 3,,,,
28/06/2014,9:52:11 AM,clalex,,,,Landward - Creek,0,quarter 1,180,3.45,17.5,stem 1,TRUE,,,TRUE,TRUE,,Leaf 4,,0,0,0
28/06/2014,9:53:00 AM,clalex,,,,Landward - Creek,0,quarter 1,180,3.45,17.5,stem 1,TRUE,,,TRUE,TRUE,,Leaf 4,TRUE,5,0,0
28/06/2014,9:53:28 AM,clalex,,,,Landward - Creek,0,quarter 1,180,3.45,17.5,stem 1,TRUE,,,TRUE,TRUE,,Leaf 5,TRUE,3,1,2
28/06/2014,9:54:20 AM,clalex,,,,Landward - Creek,0,quarter 1,180,3.45,17.5,stem 1,TRUE,,,TRUE,TRUE,,Leaf 6,TRUE,12,0,0
28/06/2014,9:55:11 AM,clalex,,,,Landward - Creek,0,quarter 1,180,3.45,17.5,stem 2,,TRUE,,TRUE,TRUE,,Leaf 1,,0,0,0
28/06/2014,9:55:27 AM,clalex,,,,Landward - Creek,0,quarter 1,180,3.45,17.5,stem 2,,TRUE,,TRUE,TRUE,,Leaf 2,TRUE,2,1,1
28/06/2014,9:55:51 AM,clalex,,,,Landward - Creek,0,quarter 1,180,3.45,17.5,stem 2,,TRUE,,TRUE,TRUE,,Leaf 2,TRUE,2,1,1
28/06/2014,9:56:21 AM,clalex,,,,Landward - Creek,0,quarter 1,180,3.45,17.5,stem 2,,TRUE,,TRUE,TRUE,,Leaf 3,TRUE,0,1,3
28/06/2014,9:56:42 AM,clalex,,,,Landward - Creek,0,quarter 1,180,3.45,17.5,stem 2,,TRUE,,TRUE,TRUE,,Leaf 4,TRUE,30,5,0
28/06/2014,9:57:40 AM,clalex,,,,Landward - Creek,0,quarter 1,180,3.45,17.5,stem 2,,TRUE,,TRUE,TRUE,,Leaf 6,,10,3,0
28/06/2014,9:58:23 AM,clalex,,,,Landward - Creek,0,quarter 1,180,3.45,17.5,stem 3,,TRUE,,TRUE,,,Leaf 1,TRUE,5,4,1
28/06/2014,9:58:48 AM,clalex,,,,Landward - Creek,0,quarter 1,180,3.45,17.5,stem 3,,TRUE,,TRUE,,,Leaf 2,TRUE,12,6,0
28/06/2014,9:59:07 AM,clalex,,,,Landward - Creek,0,quarter 1,180,3.45,17.5,stem 3,,TRUE,,TRUE,,,Leaf 3,,5,5,0
28/06/2014,10:00:17 AM,clalex,,,,Landward - Creek,0,quarter 1,180,3.45,17.5,stem 4,TRUE,,TRUE,,TRUE,,Leaf 1,,5,5,1
28/06/2014,10:00:45 AM,clalex,,,,Landward - Creek,0,quarter 1,180,3.45,17.5,stem 4,TRUE,,TRUE,,TRUE,,Leaf 2,TRUE,5,15,3
28/06/2014,10:01:03 AM,clalex,,,,Landward - Creek,0,quarter 1,180,3.45,17.5,stem 4,TRUE,,TRUE,,TRUE,,Leaf 3,,0,0,0
28/06/2014,10:01:14 AM,clalex,,,,Landward - Creek,0,quarter 1,180,3.45,17.5,stem 4,TRUE,,TRUE,,TRUE,,Leaf 4,,0,0,0
28/06/2014,10:01:33 AM,clalex,,,,Landward - Creek,0,quarter 1,180,3.45,17.5,stem 4,TRUE,,TRUE,,TRUE,,Leaf 5,TRUE,10,5,0
28/06/2014,10:01:47 AM,clalex,,,,Landward - Creek,0,quarter 1,180,3.45,17.5,stem 4,TRUE,,TRUE,,TRUE,,Leaf 6,TRUE,40,3,1
28/06/2014,10:02:38 AM,clalex,,,,Landward - Creek,0,quarter 1,180,3.45,17.5,stem 5,TRUE,,,,,,Leaf 1,TRUE,10,11,8
28/06/2014,10:02:57 AM,clalex,,,,Landward - Creek,0,quarter 1,180,3.45,17.5,stem 5,TRUE,,,,,,Leaf 2,,10,2,9
28/06/2014,10:03:09 AM,clalex,,,,Landward - Creek,0,quarter 1,180,3.45,17.5,stem 5,TRUE,,,,,,Leaf 3,,0,0,0
28/06/2014,10:03:16 AM,clalex,,,,Landward - Creek,0,quarter 1,180,3.45,17.5,stem 5,TRUE,,,,,,Leaf 4,,0,0,0
28/06/2014,10:03:24 AM,clalex,,,,Landward - Creek,0,quarter 1,180,3.45,17.5,stem 5,TRUE,,,,,,Leaf 5,,,,
28/06/2014,10:04:01 AM,clalex,,,,Landward - Creek,0,quarter 1,180,3.45,17.5,stem 6,TRUE,,,,,,Leaf 1,,0,7,0
28/06/2014,10:04:14 AM,clalex,,,,Landward - Creek,0,quarter 1,180,3.45,17.5,stem 6,TRUE,,,,,,Leaf 2,,5,6,0
28/06/2014,10:04:26 AM,clalex,,,,Landward - Creek,0,quarter 1,180,3.45,17.5,stem 6,TRUE,,,,,,Leaf 3,,0,2,0
28/06/2014,10:05:03 AM,clalex,,,,Landward - Creek,0,quarter 1,180,3.45,17.5,stem 7,TRUE,,TRUE,,TRUE,,Leaf 1,,30,6,0
28/06/2014,10:05:20 AM,clalex,,,,Landward - Creek,0,quarter 1,180,3.45,17.5,stem 7,TRUE,,TRUE,,TRUE,,Leaf 2,TRUE,40,5,1
28/06/2014,10:05:39 AM,clalex,,,,Landward - Creek,0,quarter 1,180,3.45,17.5,stem 7,TRUE,,TRUE,,TRUE,,Leaf 3,,15,1,2
28/06/2014,10:05:54 AM,clalex,,,,Landward - Creek,0,quarter 1,180,3.45,17.5,stem 7,TRUE,,TRUE,,TRUE,,Leaf 4,,10,5,0
28/06/2014,10:06:12 AM,clalex,,,,Landward - Creek,0,quarter 1,180,3.45,17.5,stem 7,TRUE,,TRUE,,TRUE,,Leaf 5,,0,0,2
28/06/2014,10:06:25 AM,clalex,,,,Landward - Creek,0,quarter 1,180,3.45,17.5,stem 7,TRUE,,TRUE,,TRUE,,Leaf 6,,5,2,1
28/06/2014,10:07:04 AM,clalex,,,,Landward - Creek,0,quarter 1,180,3.45,17.5,stem 8,,TRUE,TRUE,,,,Leaf 1,TRUE,5,8,2
28/06/2014,10:07:21 AM,clalex,,,,Landward - Creek,0,quarter 1,180,3.45,17.5,stem 8,,TRUE,TRUE,,,,Leaf 2,,5,8,0
28/06/2014,10:07:34 AM,clalex,,,,Landward - Creek,0,quarter 1,180,3.45,17.5,stem 8,,TRUE,TRUE,,,,Leaf 3,TRUE,10,5,0
28/06/2014,10:07:47 AM,clalex,,,,Landward - Creek,0,quarter 1,180,3.45,17.5,stem 8,,TRUE,TRUE,,,,Leaf 4,TRUE,5,9,0
28/06/2014,10:08:00 AM,clalex,,,,Landward - Creek,0,quarter 1,180,3.45,17.5,stem 8,,TRUE,TRUE,,,,Leaf 5,TRUE,0,6,0
28/06/2014,10:12:58 AM,clalex,-25.44752951,152.9904666,,Landward - Creek,0,return to transect point,180,3.45,17.5,return>quarter,,TRUE,TRUE,,,,return to stem,,,,
28/06/2014,10:14:29 AM,clalex,,,,Landward - Creek,0,quarter 3,5.4,2.9,13,stem 1,TRUE,,TRUE,,,TRUE,Leaf 1,TRUE,30,5,0
28/06/2014,10:14:57 AM,clalex,,,,Landward - Creek,0,quarter 3,5.4,2.9,13,stem 1,TRUE,,TRUE,,,TRUE,Leaf 2,TRUE,10,3,0
28/06/2014,10:15:13 AM,clalex,,,,Landward - Creek,0,quarter 3,5.4,2.9,13,stem 1,TRUE,,TRUE,,,TRUE,Leaf 3,TRUE,3,2,5
28/06/2014,10:15:27 AM,clalex,,,,Landward - Creek,0,quarter 3,5.4,2.9,13,stem 1,TRUE,,TRUE,,,TRUE,Leaf 4,TRUE,0,0,0
28/06/2014,10:15:42 AM,clalex,,,,Landward - Creek,0,quarter 3,5.4,2.9,13,stem 1,TRUE,,TRUE,,,TRUE,Leaf 5,TRUE,1,1,0
28/06/2014,10:15:56 AM,clalex,,,,Landward - Creek,0,quarter 3,5.4,2.9,13,stem 1,TRUE,,TRUE,,,TRUE,Leaf 6,,0,0,0
28/06/2014,10:16:35 AM,clalex,,,,Landward - Creek,0,quarter 3,5.4,2.9,13,stem 2,,TRUE,TRUE,,,TRUE,Leaf 1,TRUE,5,12,0
28/06/2014,10:16:46 AM,clalex,,,,Landward - Creek,0,quarter 3,5.4,2.9,13,stem 2,,TRUE,TRUE,,,TRUE,Leaf 2,TRUE,40,2,0
28/06/2014,10:17:08 AM,clalex,,,,Landward - Creek,0,quarter 3,5.4,2.9,13,stem 2,,TRUE,TRUE,,,TRUE,Leaf 3,TRUE,50,1,1
28/06/2014,10:17:23 AM,clalex,,,,Landward - Creek,0,quarter 3,5.4,2.9,13,stem 2,,TRUE,TRUE,,,TRUE,Leaf 4,TRUE,20,4,0
28/06/2014,10:17:35 AM,clalex,,,,Landward - Creek,0,quarter 3,5.4,2.9,13,stem 2,,TRUE,TRUE,,,TRUE,Leaf 5,TRUE,0,0,0
28/06/2014,10:18:01 AM,clalex,,,,Landward - Creek,0,quarter 3,5.4,2.9,13,stem 2,,TRUE,TRUE,,,TRUE,Leaf 6,TRUE,5,0,0
28/06/2014,10:18:29 AM,clalex,,,,Landward - Creek,0,quarter 3,5.4,2.9,13,stem 3,,TRUE,,TRUE,,TRUE,Leaf 1,TRUE,0,2,0
28/06/2014,10:18:41 AM,clalex,,,,Landward - Creek,0,quarter 3,5.4,2.9,13,stem 3,,TRUE,,TRUE,,TRUE,Leaf 2,TRUE,0,0,0
28/06/2014,10:19:14 AM,clalex,,,,Landward - Creek,0,quarter 3,5.4,2.9,13,stem 3,,TRUE,,TRUE,,TRUE,Leaf 3,TRUE,0,1,0
28/06/2014,10:19:27 AM,clalex,,,,Landward - Creek,0,quarter 3,5.4,2.9,13,stem 3,,TRUE,,TRUE,,TRUE,Leaf 4,TRUE,60,1,0
28/06/2014,10:19:38 AM,clalex,,,,Landward - Creek,0,quarter 3,5.4,2.9,13,stem 3,,TRUE,,TRUE,,TRUE,Leaf 5,TRUE,5,0,0
28/06/2014,10:19:57 AM,clalex,,,,Landward - Creek,0,quarter 3,5.4,2.9,13,stem 3,,TRUE,,TRUE,,TRUE,Leaf 5,TRUE,5,0,0
28/06/2014,10:20:06 AM,clalex,,,,Landward - Creek,0,quarter 3,5.4,2.9,13,stem 3,,TRUE,,TRUE,,TRUE,Leaf 6,TRUE,10,0,0
28/06/2014,10:20:39 AM,clalex,,,,Landward - Creek,0,quarter 3,5.4,2.9,13,stem 4,TRUE,,,TRUE,,TRUE,Leaf 1,TRUE,5,4,0
28/06/2014,10:20:57 AM,clalex,,,,Landward - Creek,0,quarter 3,5.4,2.9,13,stem 4,TRUE,,,TRUE,,TRUE,Leaf 2,TRUE,5,10,0
28/06/2014,10:21:10 AM,clalex,,,,Landward - Creek,0,quarter 3,5.4,2.9,13,stem 4,TRUE,,,TRUE,,TRUE,Leaf 3,,2,7,0
28/06/2014,10:22:24 AM,clalex,,,,Landward - Creek,0,quarter 3,5.4,2.9,13,stem 4,TRUE,,,TRUE,,TRUE,Leaf 4,TRUE,2,0,0
28/06/2014,10:23:01 AM,clalex,,,,Landward - Creek,0,quarter 3,5.4,2.9,13,stem 4,TRUE,,,TRUE,,TRUE,Leaf 5,TRUE,0,0,6
28/06/2014,10:23:19 AM,clalex,,,,Landward - Creek,0,quarter 3,5.4,2.9,13,stem 4,TRUE,,,TRUE,,TRUE,Leaf 6,TRUE,0,0,0
28/06/2014,10:23:56 AM,clalex,,,,Landward - Creek,0,quarter 3,5.4,2.9,13,stem 5,,TRUE,TRUE,,,TRUE,Leaf 1,TRUE,10,1,0
28/06/2014,10:24:08 AM,clalex,,,,Landward - Creek,0,quarter 3,5.4,2.9,13,stem 5,,TRUE,TRUE,,,TRUE,Leaf 2,TRUE,10,2,0
28/06/2014,10:24:20 AM,clalex,,,,Landward - Creek,0,quarter 3,5.4,2.9,13,stem 5,,TRUE,TRUE,,,TRUE,Leaf 3,TRUE,15,2,0
28/06/2014,10:24:31 AM,clalex,,,,Landward - Creek,0,quarter 3,5.4,2.9,13,stem 5,,TRUE,TRUE,,,TRUE,Leaf 4,,3,5,0
28/06/2014,10:24:54 AM,clalex,,,,Landward - Creek,0,quarter 3,5.4,2.9,13,stem 5,,TRUE,TRUE,,,TRUE,Leaf 5,TRUE,60,5,0
28/06/2014,10:25:22 AM,clalex,,,,Landward - Creek,0,quarter 3,5.4,2.9,13,stem 5,,TRUE,TRUE,,,TRUE,Leaf 6,,0,0,0
28/06/2014,10:26:22 AM,clalex,,,,Landward - Creek,0,quarter 3,5.4,2.9,13,stem 6,TRUE,,TRUE,,TRUE,,Leaf 1,TRUE,1,0,0
28/06/2014,10:26:31 AM,clalex,,,,Landward - Creek,0,quarter 3,5.4,2.9,13,stem 6,TRUE,,TRUE,,TRUE,,Leaf 2,TRUE,5,0,2
28/06/2014,10:26:43 AM,clalex,,,,Landward - Creek,0,quarter 3,5.4,2.9,13,stem 6,TRUE,,TRUE,,TRUE,,Leaf 3,TRUE,5,5,0
28/06/2014,10:26:55 AM,clalex,,,,Landward - Creek,0,quarter 3,5.4,2.9,13,stem 6,TRUE,,TRUE,,TRUE,,Leaf 4,TRUE,20,4,0
28/06/2014,10:27:06 AM,clalex,,,,Landward - Creek,0,quarter 3,5.4,2.9,13,stem 6,TRUE,,TRUE,,TRUE,,Leaf 5,,3,2,0
28/06/2014,10:27:17 AM,clalex,,,,Landward - Creek,0,quarter 3,5.4,2.9,13,stem 6,TRUE,,TRUE,,TRUE,,Leaf 6,TRUE,7,1,0
28/06/2014,10:27:28 AM,clalex,,,,Landward - Creek,0,quarter 3,5.4,2.9,13,stem 6,TRUE,,TRUE,,TRUE,,Leaf 4,TRUE,5,0,0
28/06/2014,10:28:07 AM,clalex,,,,Landward - Creek,0,quarter 3,5.4,2.9,13,stem 7,,TRUE,,TRUE,TRUE,,Leaf 1,TRUE,0,5,2
28/06/2014,10:28:19 AM,clalex,,,,Landward - Creek,0,quarter 3,5.4,2.9,13,stem 7,,TRUE,,TRUE,TRUE,,Leaf 2,TRUE,0,0,0
28/06/2014,10:28:33 AM,clalex,,,,Landward - Creek,0,quarter 3,5.4,2.9,13,stem 7,,TRUE,,TRUE,TRUE,,Leaf 3,TRUE,1,0,0
28/06/2014,10:28:44 AM,clalex,,,,Landward - Creek,0,quarter 3,5.4,2.9,13,stem 7,,TRUE,,TRUE,TRUE,,Leaf 4,TRUE,5,5,0
28/06/2014,10:28:52 AM,clalex,,,,Landward - Creek,0,quarter 3,5.4,2.9,13,stem 7,,TRUE,,TRUE,TRUE,,Leaf 5,TRUE,10,1,0
28/06/2014,10:29:01 AM,clalex,,,,Landward - Creek,0,quarter 3,5.4,2.9,13,stem 7,,TRUE,,TRUE,TRUE,,Leaf 6,,0,0,0
28/06/2014,10:29:45 AM,clalex,,,,Landward - Creek,0,quarter 3,5.4,2.9,13,stem 8,TRUE,,,,,,Leaf 1,TRUE,0,0,0
28/06/2014,10:29:56 AM,clalex,,,,Landward - Creek,0,quarter 3,5.4,2.9,13,stem 8,TRUE,,,,,,Leaf 2,TRUE,5,1,0
28/06/2014,10:30:17 AM,clalex,,,,Landward - Creek,0,quarter 3,5.4,2.9,13,stem 8,TRUE,,,,,,Leaf 3,TRUE,3,0,0
28/06/2014,10:30:31 AM,clalex,,,,Landward - Creek,0,quarter 3,5.4,2.9,13,stem 8,TRUE,,,,,,Leaf 4,,0,3,2
28/06/2014,10:30:41 AM,clalex,,,,Landward - Creek,0,quarter 3,5.4,2.9,13,stem 8,TRUE,,,,,,Leaf 5,TRUE,1,0,0
28/06/2014,10:30:56 AM,clalex,,,,Landward - Creek,0,quarter 3,5.4,2.9,13,stem 8,TRUE,,,,,,Leaf 6,,5,5,0
28/06/2014,10:42:32 AM,clalex,,,,Landward - Creek,0,return to transect point,5.4,2.9,13,return>quarter,TRUE,,,,,,return to stem,,,,
28/06/2014,10:43:33 AM,clalex,-25.44724762,152.9897688,,Landward - Creek,0,return to transect point,5.4,2.9,13,return>quarter,TRUE,,,,,,return to stem,,,,
28/06/2014,10:46:05 AM,clalex,,,,Landward - Creek,0,quarter 4,1.27,0.83,9,stem 1,TRUE,,,TRUE,,TRUE,Leaf 1,,0,0,0
28/06/2014,10:46:13 AM,clalex,,,,Landward - Creek,0,quarter 4,1.27,0.83,9,stem 1,TRUE,,,TRUE,,TRUE,Leaf 2,,0,0,0
28/06/2014,10:46:21 AM,clalex,,,,Landward - Creek,0,quarter 4,1.27,0.83,9,stem 1,TRUE,,,TRUE,,TRUE,Leaf 3,,0,1,0
28/06/2014,10:46:39 AM,clalex,,,,Landward - Creek,0,quarter 4,1.27,0.83,9,stem 1,TRUE,,,TRUE,,TRUE,Leaf 4,TRUE,10,0,0
28/06/2014,10:46:49 AM,clalex,,,,Landward - Creek,0,quarter 4,1.27,0.83,9,stem 1,TRUE,,,TRUE,,TRUE,Leaf 5,,0,1,0
28/06/2014,10:46:59 AM,clalex,,,,Landward - Creek,0,quarter 4,1.27,0.83,9,stem 1,TRUE,,,TRUE,,TRUE,Leaf 6,,0,0,0
28/06/2014,10:47:26 AM,clalex,,,,Landward - Creek,0,quarter 4,1.27,0.83,9,stem 2,TRUE,,,TRUE,,TRUE,Leaf 1,TRUE,0,1,0
28/06/2014,10:47:32 AM,clalex,,,,Landward - Creek,0,quarter 4,1.27,0.83,9,stem 2,TRUE,,,TRUE,,TRUE,Leaf 2,,0,2,0
28/06/2014,10:47:52 AM,clalex,,,,Landward - Creek,0,quarter 4,1.27,0.83,9,stem 2,TRUE,,,TRUE,,TRUE,Leaf 3,,0,0,0
28/06/2014,10:48:01 AM,clalex,,,,Landward - Creek,0,quarter 4,1.27,0.83,9,stem 2,TRUE,,,TRUE,,TRUE,Leaf 4,,0,0,0
28/06/2014,10:48:17 AM,clalex,,,,Landward - Creek,0,quarter 4,1.27,0.83,9,stem 2,TRUE,,,TRUE,,TRUE,Leaf 5,TRUE,0,1,0
28/06/2014,10:48:30 AM,clalex,,,,Landward - Creek,0,quarter 4,1.27,0.83,9,stem 2,TRUE,,,TRUE,,TRUE,Leaf 6,,0,3,0
28/06/2014,10:49:03 AM,clalex,,,,Landward - Creek,0,quarter 4,1.27,0.83,9,stem 3,TRUE,,TRUE,,TRUE,,Leaf 1,TRUE,5,3,0
28/06/2014,10:49:12 AM,clalex,,,,Landward - Creek,0,quarter 4,1.27,0.83,9,stem 3,TRUE,,TRUE,,TRUE,,Leaf 2,,0,2,0
28/06/2014,10:49:26 AM,clalex,,,,Landward - Creek,0,quarter 4,1.27,0.83,9,stem 3,TRUE,,TRUE,,TRUE,,Leaf 3,TRUE,30,4,0
28/06/2014,10:49:38 AM,clalex,,,,Landward - Creek,0,quarter 4,1.27,0.83,9,stem 3,TRUE,,TRUE,,TRUE,,Leaf 4,,10,3,0
28/06/2014,10:49:47 AM,clalex,,,,Landward - Creek,0,quarter 4,1.27,0.83,9,stem 3,TRUE,,TRUE,,TRUE,,Leaf 5,TRUE,20,2,0
28/06/2014,10:49:58 AM,clalex,,,,Landward - Creek,0,quarter 4,1.27,0.83,9,stem 3,TRUE,,TRUE,,TRUE,,Leaf 6,,5,2,0
28/06/2014,10:50:35 AM,clalex,,,,Landward - Creek,0,quarter 4,1.27,0.83,9,stem 4,,TRUE,,TRUE,,TRUE,Leaf 1,TRUE,10,3,0
28/06/2014,10:50:45 AM,clalex,,,,Landward - Creek,0,quarter 4,1.27,0.83,9,stem 4,,TRUE,,TRUE,,TRUE,Leaf 2,,5,2,0
28/06/2014,10:50:58 AM,clalex,,,,Landward - Creek,0,quarter 4,1.27,0.83,9,stem 4,,TRUE,,TRUE,,TRUE,Leaf 3,TRUE,10,2,0
28/06/2014,10:51:06 AM,clalex,,,,Landward - Creek,0,quarter 4,1.27,0.83,9,stem 4,,TRUE,,TRUE,,TRUE,Leaf 4,,5,1,0
28/06/2014,10:51:16 AM,clalex,,,,Landward - Creek,0,quarter 4,1.27,0.83,9,stem 4,,TRUE,,TRUE,,TRUE,Leaf 6,,0,6,0
28/06/2014,10:51:44 AM,clalex,,,,Landward - Creek,0,quarter 4,1.27,0.83,9,stem 5,TRUE,,,TRUE,,TRUE,Leaf 1,,10,3,0
28/06/2014,10:51:57 AM,clalex,,,,Landward - Creek,0,quarter 4,1.27,0.83,9,stem 5,TRUE,,,TRUE,,TRUE,Leaf 2,,5,2,0
28/06/2014,10:52:06 AM,clalex,,,,Landward - Creek,0,quarter 4,1.27,0.83,9,stem 5,TRUE,,,TRUE,,TRUE,Leaf 3,,0,3,0
28/06/2014,10:52:15 AM,clalex,,,,Landward - Creek,0,quarter 4,1.27,0.83,9,stem 5,TRUE,,,TRUE,,TRUE,Leaf 4,,0,1,0
28/06/2014,10:52:23 AM,clalex,,,,Landward - Creek,0,quarter 4,1.27,0.83,9,stem 5,TRUE,,,TRUE,,TRUE,Leaf 5,,0,4,0
28/06/2014,10:52:35 AM,clalex,,,,Landward - Creek,0,quarter 4,1.27,0.83,9,stem 5,TRUE,,,TRUE,,TRUE,Leaf 6,TRUE,10,3,0
28/06/2014,10:53:07 AM,clalex,,,,Landward - Creek,0,quarter 4,1.27,0.83,9,stem 6,TRUE,,TRUE,,,TRUE,Leaf 1,,0,1,0
28/06/2014,10:53:23 AM,clalex,,,,Landward - Creek,0,quarter 4,1.27,0.83,9,stem 6,TRUE,,TRUE,,,TRUE,Leaf 2,,0,2,0
28/06/2014,10:53:35 AM,clalex,,,,Landward - Creek,0,quarter 4,1.27,0.83,9,stem 6,TRUE,,TRUE,,,TRUE,Leaf 3,TRUE,10,2,0
28/06/2014,10:53:50 AM,clalex,,,,Landward - Creek,0,quarter 4,1.27,0.83,9,stem 6,TRUE,,TRUE,,,TRUE,Leaf 4,TRUE,20,4,0
28/06/2014,10:53:59 AM,clalex,,,,Landward - Creek,0,quarter 4,1.27,0.83,9,stem 6,TRUE,,TRUE,,,TRUE,Leaf 5,,10,3,0
28/06/2014,10:54:11 AM,clalex,,,,Landward - Creek,0,quarter 4,1.27,0.83,9,stem 6,TRUE,,TRUE,,,TRUE,Leaf 6,,0,1,0
28/06/2014,10:54:54 AM,clalex,,,,Landward - Creek,0,quarter 4,1.27,0.83,9,stem 7,TRUE,,,TRUE,,TRUE,Leaf 1,TRUE,0,0,0
28/06/2014,10:55:00 AM,clalex,,,,Landward - Creek,0,quarter 4,1.27,0.83,9,stem 7,TRUE,,,TRUE,,TRUE,Leaf 2,TRUE,0,0,0
28/06/2014,10:55:09 AM,clalex,,,,Landward - Creek,0,quarter 4,1.27,0.83,9,stem 7,TRUE,,,TRUE,,TRUE,Leaf 3,TRUE,5,1,0
28/06/2014,10:55:21 AM,clalex,,,,Landward - Creek,0,quarter 4,1.27,0.83,9,stem 7,TRUE,,,TRUE,,TRUE,Leaf 4,TRUE,10,1,0
28/06/2014,10:55:29 AM,clalex,,,,Landward - Creek,0,quarter 4,1.27,0.83,9,stem 7,TRUE,,,TRUE,,TRUE,Leaf 5,TRUE,5,3,0
28/06/2014,10:55:38 AM,clalex,,,,Landward - Creek,0,quarter 4,1.27,0.83,9,stem 7,TRUE,,,TRUE,,TRUE,Leaf 5,TRUE,5,0,0
28/06/2014,10:55:56 AM,clalex,,,,Landward - Creek,0,quarter 4,1.27,0.83,9,stem 7,TRUE,,,TRUE,,TRUE,Leaf 6,TRUE,20,3,0
28/06/2014,10:56:21 AM,clalex,,,,Landward - Creek,0,quarter 4,1.27,0.83,9,stem 8,,TRUE,,TRUE,,TRUE,Leaf 1,TRUE,25,2,0
28/06/2014,10:56:28 AM,clalex,,,,Landward - Creek,0,quarter 4,1.27,0.83,9,stem 8,,TRUE,,TRUE,,TRUE,Leaf 2,TRUE,30,0,0
28/06/2014,10:56:38 AM,clalex,,,,Landward - Creek,0,quarter 4,1.27,0.83,9,stem 8,,TRUE,,TRUE,,TRUE,Leaf 3,TRUE,5,6,0
28/06/2014,10:56:46 AM,clalex,,,,Landward - Creek,0,quarter 4,1.27,0.83,9,stem 8,,TRUE,,TRUE,,TRUE,Leaf 4,TRUE,0,8,0
28/06/2014,10:57:00 AM,clalex,,,,Landward - Creek,0,quarter 4,1.27,0.83,9,stem 8,,TRUE,,TRUE,,TRUE,Leaf 5,,5,0,0
28/06/2014,10:57:09 AM,clalex,,,,Landward - Creek,0,quarter 4,1.27,0.83,9,stem 8,,TRUE,,TRUE,,TRUE,Leaf 5,TRUE,5,7,0
28/06/2014,10:57:20 AM,clalex,,,,Landward - Creek,0,quarter 4,1.27,0.83,9,stem 8,,TRUE,,TRUE,,TRUE,Leaf 6,TRUE,5,5,0
28/06/2014,11:34:10 AM,clalex,-25.44704724,152.9891267,,Landward - Creek,0,return to transect point,1.27,0.83,9,return>quarter,,TRUE,,TRUE,,TRUE,return to stem,,,,
28/06/2014,12:50:21 PM,clalex,-25.44708725,152.9878845,,Landward - Creek,7,return to transect point,1.27,0.83,9,return>quarter,,TRUE,,TRUE,,TRUE,return to stem,,,,
28/06/2014,12:51:27 PM,clalex,,,,Landward - Creek,10,quarter 3,1,1.87,4,stem 1,TRUE,,TRUE,,,TRUE,Leaf 1,TRUE,40,2,0
28/06/2014,12:51:41 PM,clalex,,,,Landward - Creek,10,quarter 3,1,1.87,4,stem 1,TRUE,,TRUE,,,TRUE,Leaf 2,,0,0,60
28/06/2014,12:51:56 PM,clalex,,,,Landward - Creek,10,quarter 3,1,1.87,4,stem 1,TRUE,,TRUE,,,TRUE,Leaf 3,,5,2,0
28/06/2014,12:52:21 PM,clalex,,,,Landward - Creek,10,quarter 3,1,1.87,4,stem 1,TRUE,,TRUE,,,TRUE,Leaf 4,,0,0,0
28/06/2014,12:52:33 PM,clalex,,,,Landward - Creek,10,quarter 3,1,1.87,4,stem 1,TRUE,,TRUE,,,TRUE,Leaf 5,,50,3,0
28/06/2014,12:52:53 PM,clalex,,,,Landward - Creek,10,quarter 3,1,1.87,4,stem 2,,TRUE,,TRUE,,TRUE,Leaf 1,,20,2,0
28/06/2014,12:53:07 PM,clalex,,,,Landward - Creek,10,quarter 3,1,1.87,4,stem 2,,TRUE,,TRUE,,TRUE,Leaf 2,TRUE,0,5,0
28/06/2014,12:53:23 PM,clalex,,,,Landward - Creek,10,quarter 3,1,1.87,4,stem 2,,TRUE,,TRUE,,TRUE,Leaf 4,,70,1,0
28/06/2014,12:54:07 PM,clalex,,,,Landward - Creek,10,quarter 3,1,1.87,4,stem 3,TRUE,,TRUE,,TRUE,,Leaf 1,,5,1,0
28/06/2014,12:54:19 PM,clalex,,,,Landward - Creek,10,quarter 3,1,1.87,4,stem 3,TRUE,,TRUE,,TRUE,,Leaf 2,,0,2,0
28/06/2014,12:54:37 PM,clalex,,,,Landward - Creek,10,quarter 3,1,1.87,4,stem 4,TRUE,,TRUE,,TRUE,,Leaf 1,,15,3,0
28/06/2014,12:54:50 PM,clalex,,,,Landward - Creek,10,quarter 3,1,1.87,4,stem 4,TRUE,,TRUE,,TRUE,,Leaf 2,TRUE,15,3,1
28/06/2014,12:55:05 PM,clalex,,,,Landward - Creek,10,quarter 3,1,1.87,4,stem 4,TRUE,,TRUE,,TRUE,,Leaf 3,TRUE,2,3,0
28/06/2014,12:55:12 PM,clalex,,,,Landward - Creek,10,quarter 3,1,1.87,4,stem 4,TRUE,,TRUE,,TRUE,,Leaf 4,,0,0,0
28/06/2014,12:55:20 PM,clalex,,,,Landward - Creek,10,quarter 3,1,1.87,4,stem 4,TRUE,,TRUE,,TRUE,,Leaf 5,,0,0,0
28/06/2014,12:55:28 PM,clalex,,,,Landward - Creek,10,quarter 3,1,1.87,4,stem 4,TRUE,,TRUE,,TRUE,,Leaf 6,TRUE,5,6,0
28/06/2014,12:55:57 PM,clalex,,,,Landward - Creek,10,quarter 3,1,1.87,4,stem 5,TRUE,,TRUE,,,,Leaf 1,TRUE,5,3,1
28/06/2014,12:56:10 PM,clalex,,,,Landward - Creek,10,quarter 3,1,1.87,4,stem 5,TRUE,,TRUE,,,,Leaf 2,,0,1,0
28/06/2014,12:56:21 PM,clalex,,,,Landward - Creek,10,quarter 3,1,1.87,4,stem 5,TRUE,,TRUE,,,,Leaf 3,,0,0,0
28/06/2014,12:56:28 PM,clalex,,,,Landward - Creek,10,quarter 3,1,1.87,4,stem 5,TRUE,,TRUE,,,,Leaf 4,,0,0,0
28/06/2014,12:56:48 PM,clalex,,,,Landward - Creek,10,quarter 3,1,1.87,4,stem 6,TRUE,,,,,,Leaf 1,TRUE,5,2,0
28/06/2014,12:57:02 PM,clalex,,,,Landward - Creek,10,quarter 3,1,1.87,4,stem 6,TRUE,,,,,,Leaf 2,TRUE,10,4,0
28/06/2014,12:57:31 PM,clalex,,,,Landward - Creek,10,quarter 3,1,1.87,4,stem 6,TRUE,,,,,,Leaf 3,TRUE,10,4,0
28/06/2014,12:57:42 PM,clalex,,,,Landward - Creek,10,quarter 3,1,1.87,4,stem 6,TRUE,,,,,,Leaf 4,TRUE,0,2,0
28/06/2014,12:58:25 PM,clalex,,,,Landward - Creek,10,quarter 3,1,1.87,4,stem 7,TRUE,,TRUE,,TRUE,,Leaf 1,TRUE,5,3,0
28/06/2014,12:58:34 PM,clalex,,,,Landward - Creek,10,quarter 3,1,1.87,4,stem 7,TRUE,,TRUE,,TRUE,,Leaf 2,TRUE,10,2,0
28/06/2014,12:58:43 PM,clalex,,,,Landward - Creek,10,quarter 3,1,1.87,4,stem 7,TRUE,,TRUE,,TRUE,,Leaf 3,,0,0,0
28/06/2014,12:58:49 PM,clalex,,,,Landward - Creek,10,quarter 3,1,1.87,4,stem 7,TRUE,,TRUE,,TRUE,,Leaf 4,,0,0,1
28/06/2014,12:59:02 PM,clalex,,,,Landward - Creek,10,quarter 3,1,1.87,4,stem 7,TRUE,,TRUE,,TRUE,,Leaf 5,TRUE,20,2,0
28/06/2014,12:59:14 PM,clalex,,,,Landward - Creek,10,quarter 3,1,1.87,4,stem 7,TRUE,,TRUE,,TRUE,,Leaf 6,,10,2,0
28/06/2014,12:59:50 PM,clalex,,,,Landward - Creek,10,quarter 3,1,1.87,4,stem 8,TRUE,,TRUE,,TRUE,,Leaf 1,,20,2,0
28/06/2014,12:59:58 PM,clalex,,,,Landward - Creek,10,quarter 3,1,1.87,4,stem 8,TRUE,,TRUE,,TRUE,,Leaf 2,TRUE,20,1,0
28/06/2014,1:00:11 PM,clalex,,,,Landward - Creek,10,quarter 3,1,1.87,4,stem 8,TRUE,,TRUE,,TRUE,,Leaf 3,TRUE,40,1,0
28/06/2014,1:00:25 PM,clalex,,,,Landward - Creek,10,quarter 3,1,1.87,4,stem 8,TRUE,,TRUE,,TRUE,,Leaf 4,,30,7,0
28/06/2014,1:00:48 PM,clalex,,,,Landward - Creek,10,quarter 3,1,1.87,4,stem 8,TRUE,,TRUE,,TRUE,,Leaf 5,TRUE,0,3,0
28/06/2014,1:01:12 PM,clalex,,,,Landward - Creek,10,quarter 3,1,1.87,4,stem 8,TRUE,,TRUE,,TRUE,,Leaf 6,,50,2,0
28/06/2014,1:02:59 PM,clalex,,,,Landward - Creek,10,quarter 4,1,1.87,11,stem 1,TRUE,,,,,,Leaf 1,,60,3,0
28/06/2014,1:03:10 PM,clalex,,,,Landward - Creek,10,quarter 4,1,1.87,11,stem 1,TRUE,,,,,,Leaf 2,,0,1,2
28/06/2014,1:03:39 PM,clalex,,,,Landward - Creek,10,quarter 4,1,1.87,11,stem 2,TRUE,,TRUE,,TRUE,,Leaf 1,TRUE,0,5,1
28/06/2014,1:03:52 PM,clalex,,,,Landward - Creek,10,quarter 4,1,1.87,11,stem 2,TRUE,,TRUE,,TRUE,,Leaf 2,TRUE,5,0,0
28/06/2014,1:04:06 PM,clalex,,,,Landward - Creek,10,quarter 4,1,1.87,11,stem 2,TRUE,,TRUE,,TRUE,,Leaf 3,TRUE,0,2,0
28/06/2014,1:04:18 PM,clalex,,,,Landward - Creek,10,quarter 4,1,1.87,11,stem 2,TRUE,,TRUE,,TRUE,,Leaf 4,TRUE,0,0,0
28/06/2014,1:04:43 PM,clalex,,,,Landward - Creek,10,quarter 4,1,1.87,11,stem 2,TRUE,,TRUE,,TRUE,,Leaf 5,TRUE,2,2,3
28/06/2014,1:04:53 PM,clalex,,,,Landward - Creek,10,quarter 4,1,1.87,11,stem 2,TRUE,,TRUE,,TRUE,,Leaf 6,TRUE,15,2,0
28/06/2014,1:05:13 PM,clalex,,,,Landward - Creek,10,quarter 4,1,1.87,11,stem 3,TRUE,,,,,,Leaf 1,TRUE,0,2,5
28/06/2014,1:05:28 PM,clalex,,,,Landward - Creek,10,quarter 4,1,1.87,11,stem 3,TRUE,,,,,,Leaf 2,TRUE,0,0,1
28/06/2014,1:05:39 PM,clalex,,,,Landward - Creek,10,quarter 4,1,1.87,11,stem 3,TRUE,,,,,,Leaf 3,TRUE,0,2,4
28/06/2014,1:06:06 PM,clalex,,,,Landward - Creek,10,quarter 4,1,1.87,11,stem 4,TRUE,,TRUE,,,TRUE,Leaf 1,TRUE,0,2,0
28/06/2014,1:06:17 PM,clalex,,,,Landward - Creek,10,quarter 4,1,1.87,11,stem 4,TRUE,,TRUE,,,TRUE,Leaf 2,TRUE,10,2,1
28/06/2014,1:06:29 PM,clalex,,,,Landward - Creek,10,quarter 4,1,1.87,11,stem 4,TRUE,,TRUE,,,TRUE,Leaf 3,TRUE,5,0,0
28/06/2014,1:06:38 PM,clalex,,,,Landward - Creek,10,quarter 4,1,1.87,11,stem 4,TRUE,,TRUE,,,TRUE,Leaf 4,TRUE,0,2,1
28/06/2014,1:06:50 PM,clalex,,,,Landward - Creek,10,quarter 4,1,1.87,11,stem 4,TRUE,,TRUE,,,TRUE,Leaf 5,TRUE,0,3,0
28/06/2014,1:07:12 PM,clalex,,,,Landward - Creek,10,quarter 4,1,1.87,11,stem 5,,TRUE,,,,,Leaf 1,TRUE,0,0,2
28/06/2014,1:07:26 PM,clalex,,,,Landward - Creek,10,quarter 4,1,1.87,11,stem 5,,TRUE,,,,,Leaf 2,,0,0,0
28/06/2014,1:07:36 PM,clalex,,,,Landward - Creek,10,quarter 4,1,1.87,11,stem 5,,TRUE,,,,,Leaf 3,TRUE,0,0,1
28/06/2014,1:07:50 PM,clalex,,,,Landward - Creek,10,quarter 4,1,1.87,11,stem 5,,TRUE,,,,,Leaf 4,TRUE,0,0,0
28/06/2014,1:08:16 PM,clalex,,,,Landward - Creek,10,quarter 4,1,1.87,11,stem 6,TRUE,,,,,,Leaf 1,TRUE,0,4,0
28/06/2014,1:08:28 PM,clalex,,,,Landward - Creek,10,quarter 4,1,1.87,11,stem 6,TRUE,,,,,,Leaf 2,TRUE,0,2,0
28/06/2014,1:08:40 PM,clalex,,,,Landward - Creek,10,quarter 4,1,1.87,11,stem 6,TRUE,,,,,,Leaf 3,TRUE,0,1,0
28/06/2014,1:08:54 PM,clalex,,,,Landward - Creek,10,quarter 4,1,1.87,11,stem 6,TRUE,,,,,,Leaf 4,TRUE,0,0,1
28/06/2014,1:09:17 PM,clalex,,,,Landward - Creek,10,quarter 4,1,1.87,11,stem 6,TRUE,,,,,,Leaf 5,TRUE,0,3,1
28/06/2014,1:10:04 PM,clalex,,,,Landward - Creek,10,quarter 4,1,1.87,11,stem 8,TRUE,,TRUE,,,,Leaf 1,TRUE,0,2,0
28/06/2014,1:10:22 PM,clalex,,,,Landward - Creek,10,quarter 4,1,1.87,11,stem 8,TRUE,,TRUE,,,,Leaf 2,TRUE,0,2,0
28/06/2014,1:10:33 PM,clalex,,,,Landward - Creek,10,quarter 4,1,1.87,11,stem 8,TRUE,,TRUE,,,,Leaf 3,TRUE,0,0,0
28/06/2014,1:10:44 PM,clalex,,,,Landward - Creek,10,quarter 4,1,1.87,11,stem 8,TRUE,,TRUE,,,,Leaf 4,TRUE,0,0,0
28/06/2014,1:10:54 PM,clalex,,,,Landward - Creek,10,quarter 4,1,1.87,11,stem 8,TRUE,,TRUE,,,,Leaf 5,TRUE,0,1,0
28/06/2014,1:11:11 PM,clalex,,,,Landward - Creek,10,quarter 4,1,1.87,11,stem 8,TRUE,,TRUE,,,,Leaf 6,TRUE,0,2,0
28/06/2014,1:11:30 PM,clalex,,,,Landward - Creek,10,quarter 4,1,1.87,11,stem 7,,TRUE,,TRUE,,,Leaf 1,TRUE,10,2,4
28/06/2014,1:11:42 PM,clalex,,,,Landward - Creek,10,quarter 4,1,1.87,11,stem 7,,TRUE,,TRUE,,,Leaf 2,TRUE,5,2,0
28/06/2014,1:11:54 PM,clalex,,,,Landward - Creek,10,quarter 4,1,1.87,11,stem 7,,TRUE,,TRUE,,,Leaf 3,TRUE,30,2,0
28/06/2014,1:12:13 PM,clalex,,,,Landward - Creek,10,quarter 4,1,1.87,11,stem 7,,TRUE,,TRUE,,,Leaf 4,TRUE,5,3,
28/06/2014,9:16:23 AM,j and p,,,,,,,,,,,,,,,,,,,,,
28/06/2014,9:17:00 AM,j and p,,,,Landward - Creek,,,,,,,,,,,,,,,,,
28/06/2014,9:19:23 AM,j and p,,,,Landward - Creek,,,,,,,,,,,,,,,,,
28/06/2014,9:41:21 AM,j and p,,,,Landward - Creek,,,,,,,,,,,,,,,,,
28/06/2014,10:36:05 AM,claire,,,,,57,return to transect point,0.93,3,0.21,return>quarter,,,,,,,,,,,
28/06/2014,10:36:12 AM,claire,,,,Landward - Creek,57,return to transect point,0.93,3,0.21,return>quarter,,,,,,,,,,,
28/06/2014,10:36:30 AM,claire,,,,Landward - Creek,57,return to transect point,0.93,3,0.21,return>quarter,,,,,,,,,,,
28/06/2014,10:39:46 AM,claire,,,,Landward - Creek,57,quarter 1,0.9,0.5,7,stem 1,TRUE,,,TRUE,TRUE,,Leaf 1,,0,2,0
28/06/2014,10:41:43 AM,claire,,,,Landward - Creek,57,quarter 1,0.9,0.5,7,stem 1,TRUE,,,TRUE,TRUE,,Leaf 2,TRUE,20,6,0
28/06/2014,10:42:33 AM,claire,,,,Landward - Creek,57,quarter 1,0.9,0.5,7,stem 1,TRUE,,,TRUE,TRUE,,Leaf 3,TRUE,60,2,1
28/06/2014,10:42:45 AM,claire,,,,Landward - Creek,57,quarter 1,0.9,0.5,7,stem 1,TRUE,,,TRUE,TRUE,,Leaf 4,,0,,
28/06/2014,10:42:59 AM,claire,,,,Landward - Creek,57,quarter 1,0.9,0.5,7,stem 1,TRUE,,,TRUE,TRUE,,Leaf 4,,0,,
28/06/2014,10:43:20 AM,claire,,,,Landward - Creek,57,quarter 1,0.9,0.5,7,stem 1,TRUE,,,TRUE,TRUE,,Leaf 5,TRUE,70,4,0
28/06/2014,10:43:38 AM,claire,,,,Landward - Creek,57,quarter 1,0.9,0.5,7,stem 1,TRUE,,,TRUE,TRUE,,Leaf 5,TRUE,15,1,0
28/06/2014,10:46:01 AM,claire,,,,Landward - Creek,57,quarter 1,0.9,0.5,7,stem 2,TRUE,,TRUE,,TRUE,,Leaf 1,,0,3,0
28/06/2014,10:46:13 AM,claire,,,,Landward - Creek,57,quarter 1,0.9,0.5,7,stem 2,TRUE,,TRUE,,TRUE,,Leaf 3,,10,0,0
28/06/2014,10:46:29 AM,claire,,,,Landward - Creek,57,quarter 1,0.9,0.5,7,stem 2,TRUE,,TRUE,,TRUE,,Leaf 2,TRUE,,1,
28/06/2014,10:46:36 AM,claire,,,,Landward - Creek,57,quarter 1,0.9,0.5,7,stem 2,TRUE,,TRUE,,TRUE,,Leaf 4,,0,,
28/06/2014,10:46:44 AM,claire,,,,Landward - Creek,57,quarter 1,0.9,0.5,7,stem 2,TRUE,,TRUE,,TRUE,,Leaf 5,,0,0,
28/06/2014,10:46:55 AM,claire,,,,Landward - Creek,57,quarter 1,0.9,0.5,7,stem 2,TRUE,,TRUE,,TRUE,,Leaf 6,TRUE,10,3,
28/06/2014,10:47:38 AM,claire,,,,Landward - Creek,57,quarter 1,0.9,0.5,7,stem 3,TRUE,,,,,,Leaf 1,TRUE,,3,
28/06/2014,10:47:53 AM,claire,,,,Landward - Creek,57,quarter 1,0.9,0.5,7,stem 3,TRUE,,,,,,Leaf 2,,20,5,1
28/06/2014,10:48:12 AM,claire,,,,Landward - Creek,57,quarter 1,0.9,0.5,7,stem 3,,,TRUE,,,TRUE,Leaf 3,TRUE,68,6,
28/06/2014,10:48:21 AM,claire,,,,Landward - Creek,57,quarter 1,0.9,0.5,7,stem 3,,,TRUE,,,TRUE,Leaf 4,,0,,
28/06/2014,10:48:28 AM,claire,,,,Landward - Creek,57,quarter 1,0.9,0.5,7,stem 3,,,TRUE,,,TRUE,Leaf 4,,0,1,
28/06/2014,10:48:34 AM,claire,,,,Landward - Creek,57,quarter 1,0.9,0.5,7,stem 3,,,TRUE,,,TRUE,Leaf 5,,0,2,
28/06/2014,10:48:55 AM,claire,,,,Landward - Creek,57,quarter 1,0.9,0.5,7,stem 3,,,TRUE,,,TRUE,Leaf 6,TRUE,25,6,
28/06/2014,10:49:50 AM,claire,,,,Landward - Creek,57,quarter 1,0.9,0.5,7,stem 4,,TRUE,TRUE,,TRUE,,Leaf 1,,5,3,
28/06/2014,10:50:02 AM,claire,,,,Landward - Creek,57,quarter 1,0.9,0.5,7,stem 4,,TRUE,TRUE,,TRUE,,Leaf 2,TRUE,8,4,
28/06/2014,10:50:10 AM,claire,,,,Landward - Creek,57,quarter 1,0.9,0.5,7,stem 4,,TRUE,TRUE,,TRUE,,Leaf 3,,0,,
28/06/2014,10:50:21 AM,claire,,,,Landward - Creek,57,quarter 1,0.9,0.5,7,stem 4,,TRUE,TRUE,,TRUE,,Leaf 4,,0,5,
28/06/2014,10:50:43 AM,claire,,,,Landward - Creek,57,quarter 1,0.9,0.5,7,stem 4,,TRUE,TRUE,,TRUE,,Leaf 4,TRUE,50,6,
28/06/2014,10:50:52 AM,claire,,,,Landward - Creek,57,quarter 1,0.9,0.5,7,stem 4,,TRUE,TRUE,,TRUE,,Leaf 5,,0,2,
28/06/2014,10:51:08 AM,claire,,,,Landward - Creek,57,quarter 1,0.9,0.5,7,stem 4,,TRUE,TRUE,,TRUE,,Leaf 6,TRUE,16,7,
28/06/2014,10:51:35 AM,claire,,,,Landward - Creek,57,quarter 1,0.9,0.5,7,stem 5,TRUE,,TRUE,,TRUE,,Leaf 1,,0,,
28/06/2014,10:51:50 AM,claire,,,,Landward - Creek,57,quarter 1,0.9,0.5,7,stem 5,TRUE,,TRUE,,TRUE,,Leaf 2,,0,0,0
28/06/2014,10:51:59 AM,claire,,,,Landward - Creek,57,quarter 1,0.9,0.5,7,stem 5,TRUE,,TRUE,,TRUE,,Leaf 2,,0,1,0
28/06/2014,10:52:13 AM,claire,,,,Landward - Creek,57,quarter 1,0.9,0.5,7,stem 5,TRUE,,TRUE,,TRUE,,Leaf 3,TRUE,5,4,0
28/06/2014,10:52:22 AM,claire,,,,Landward - Creek,57,quarter 1,0.9,0.5,7,stem 5,TRUE,,TRUE,,TRUE,,Leaf 3,,0,0,0
28/06/2014,10:52:32 AM,claire,,,,Landward - Creek,57,quarter 1,0.9,0.5,7,stem 5,TRUE,,TRUE,,TRUE,,Leaf 4,,0,0,0
28/06/2014,10:53:06 AM,claire,,,,Landward - Creek,57,quarter 1,0.9,0.5,7,stem 5,TRUE,,TRUE,,TRUE,,Leaf 5,TRUE,45,6,1
28/06/2014,10:53:17 AM,claire,,,,Landward - Creek,57,quarter 1,0.9,0.5,7,stem 5,TRUE,,TRUE,,TRUE,,Leaf 6,,0,2,0
28/06/2014,10:53:46 AM,claire,,,,Landward - Creek,57,quarter 1,0.9,0.5,7,stem 6,TRUE,,,,,,Leaf 1,TRUE,15,6,0
28/06/2014,10:54:15 AM,claire,,,,Landward - Creek,57,quarter 1,0.9,0.5,7,stem 6,TRUE,,,,,,Leaf 2,TRUE,0,6,0
28/06/2014,10:54:31 AM,claire,,,,Landward - Creek,57,quarter 1,0.9,0.5,7,stem 6,TRUE,,,,,,Leaf 3,,0,2,0
28/06/2014,10:55:00 AM,claire,,,,Landward - Creek,57,quarter 1,0.9,0.5,7,stem 6,TRUE,,,,,,Leaf 3,TRUE,26,0,0
28/06/2014,10:55:22 AM,claire,,,,Landward - Creek,57,quarter 1,0.9,0.5,7,stem 6,TRUE,,,,,,Leaf 4,,6,1,0
28/06/2014,10:55:36 AM,claire,,,,Landward - Creek,57,quarter 1,0.9,0.5,7,stem 6,TRUE,,,,,,Leaf 5,,1,1,0
28/06/2014,10:55:40 AM,claire,,,,Landward - Creek,57,quarter 1,0.9,0.5,7,stem 6,TRUE,,,,,,Leaf 6,,0,0,0
28/06/2014,10:56:00 AM,claire,,,,Landward - Creek,57,quarter 1,0.9,0.5,7,stem 7,TRUE,,,,,,Leaf 1,,0,0,0
28/06/2014,10:56:03 AM,claire,,,,Landward - Creek,57,quarter 1,0.9,0.5,7,stem 7,TRUE,,,,,,Leaf 2,,0,0,0
28/06/2014,10:56:11 AM,claire,,,,Landward - Creek,57,quarter 1,0.9,0.5,7,stem 7,TRUE,,,,,,Leaf 3,,0,0,0
28/06/2014,10:56:18 AM,claire,,,,Landward - Creek,57,quarter 1,0.9,0.5,7,stem 7,TRUE,,,,,,Leaf 4,,0,1,0
28/06/2014,10:56:30 AM,claire,,,,Landward - Creek,57,quarter 1,0.9,0.5,7,stem 7,TRUE,,,,,,Leaf 4,,2,2,0
28/06/2014,10:56:42 AM,claire,,,,Landward - Creek,57,quarter 1,0.9,0.5,7,stem 7,TRUE,,,,,,Leaf 5,,0,3,0
28/06/2014,10:56:51 AM,claire,,,,Landward - Creek,57,quarter 1,0.9,0.5,7,stem 7,TRUE,,,,,,Leaf 6,TRUE,7,4,0
28/06/2014,10:57:11 AM,claire,,,,Landward - Creek,57,quarter 1,0.9,0.5,7,stem 8,,TRUE,,,,,Leaf 1,,0,0,0
28/06/2014,10:57:24 AM,claire,,,,Landward - Creek,57,quarter 1,0.9,0.5,7,stem 8,,TRUE,,,,,Leaf 2,,0,3,
28/06/2014,10:57:35 AM,claire,,,,Landward - Creek,57,quarter 1,0.9,0.5,7,stem 8,,TRUE,,,,,Leaf 2,,0,0,0
28/06/2014,10:57:47 AM,claire,,,,Landward - Creek,57,quarter 1,0.9,0.5,7,stem 8,,TRUE,,,,,Leaf 3,TRUE,6,3,0
28/06/2014,10:57:51 AM,claire,,,,Landward - Creek,57,quarter 1,0.9,0.5,7,stem 8,,TRUE,,,,,Leaf 3,,0,0,0
28/06/2014,10:57:54 AM,claire,,,,Landward - Creek,57,quarter 1,0.9,0.5,7,stem 8,,TRUE,,,,,Leaf 4,,0,0,0
28/06/2014,10:58:05 AM,claire,,,,Landward - Creek,57,quarter 1,0.9,0.5,7,stem 8,,TRUE,,,,,Leaf 5,,8,1,0
28/06/2014,10:58:29 AM,claire,,,,Landward - Creek,57,quarter 1,0.9,0.5,7,stem 8,,TRUE,,,,,Leaf 6,TRUE,21,4,0
28/06/2014,11:54:09 AM,j,,,,,57,return to transect point,0.9,0.5,7,return>quarter,,TRUE,,,,,return to stem,,,,
28/06/2014,11:54:20 AM,j,,,,Seaward,57,return to transect point,0.9,0.5,7,return>quarter,,TRUE,,,,,return to stem,,,,
28/06/2014,11:54:39 AM,j,,,,Seaward,57,return to transect point,0.9,0.5,7,return>quarter,,TRUE,,,,,return to stem,,,,
28/06/2014,11:58:17 AM,j,,,,Seaward,20,quarter 1,1.9,5,2,stem 1,TRUE,,TRUE,,TRUE,,Leaf 1,,10,8,0
28/06/2014,11:58:44 AM,j,,,,Seaward,20,quarter 1,1.9,5,2,stem 1,TRUE,,TRUE,,TRUE,,Leaf 2,TRUE,10,1,4
28/06/2014,11:59:27 AM,j,,,,Seaward,20,quarter 1,1.9,5,2,stem 1,TRUE,,TRUE,,TRUE,,Leaf 3,,0,5,2
28/06/2014,11:59:58 AM,j,,,,Seaward,20,quarter 1,1.9,5,2,stem 1,TRUE,,TRUE,,TRUE,,Leaf 4,TRUE,0,0,0
28/06/2014,12:00:01 PM,j,,,,Seaward,20,quarter 1,1.9,5,2,stem 1,TRUE,,TRUE,,TRUE,,Leaf 4,,0,0,0
28/06/2014,12:00:11 PM,j,,,,Seaward,20,quarter 1,1.9,5,2,stem 1,TRUE,,TRUE,,TRUE,,Leaf 5,TRUE,60,6,0
28/06/2014,12:00:23 PM,j,,,,Seaward,20,quarter 1,1.9,5,2,stem 1,TRUE,,TRUE,,TRUE,,Leaf 6,TRUE,5,3,9
28/06/2014,12:00:59 PM,j,,,,Seaward,20,quarter 1,1.9,5,2,stem 2,TRUE,,,TRUE,,,Leaf 1,TRUE,20,2,6
28/06/2014,12:01:01 PM,j,,,,Seaward,20,quarter 1,1.9,5,2,stem 2,TRUE,,,TRUE,,,Leaf 2,,0,0,0
28/06/2014,12:01:04 PM,j,,,,Seaward,20,quarter 1,1.9,5,2,stem 2,TRUE,,,TRUE,,,Leaf 3,,0,0,0
28/06/2014,12:01:15 PM,j,,,,Seaward,20,quarter 1,1.9,5,2,stem 2,TRUE,,,TRUE,,,Leaf 4,,50,0,6
28/06/2014,12:01:28 PM,j,,,,Seaward,20,quarter 1,1.9,5,2,stem 2,TRUE,,,TRUE,,,Leaf 5,,23,2,5
28/06/2014,12:01:42 PM,j,,,,Seaward,20,quarter 1,1.9,5,2,stem 2,TRUE,,,TRUE,,,Leaf 6,,0,0,0
28/06/2014,12:02:30 PM,j,,,,Seaward,20,quarter 1,1.9,5,2,stem 3,TRUE,,,,,,Leaf 1,TRUE,0,2,5
28/06/2014,12:02:46 PM,j,,,,Seaward,20,quarter 1,1.9,5,2,stem 3,TRUE,,,,,,Leaf 2,,0,0,0
28/06/2014,12:03:03 PM,j,,,,Seaward,20,quarter 1,1.9,5,2,stem 3,TRUE,,,,,,Leaf 3,,20,6,2
28/06/2014,12:03:11 PM,j,,,,Seaward,20,quarter 1,1.9,5,2,stem 3,TRUE,,,,,,Leaf 4,,0,4,8
28/06/2014,12:03:20 PM,j,,,,Seaward,20,quarter 1,1.9,5,2,stem 3,TRUE,,,,,,Leaf 5,TRUE,0,0,6
28/06/2014,12:03:26 PM,j,,,,Seaward,20,quarter 1,1.9,5,2,stem 3,TRUE,,,,,,Leaf 6,TRUE,0,0,0
28/06/2014,12:04:17 PM,j,,,,Seaward,20,quarter 1,1.9,5,2,stem 4,TRUE,,,,,,Leaf 1,TRUE,0,5,4
28/06/2014,12:04:22 PM,j,,,,Seaward,20,quarter 1,1.9,5,2,stem 4,TRUE,,,,,,Leaf 2,,0,0,0
28/06/2014,12:04:40 PM,j,,,,Seaward,20,quarter 1,1.9,5,2,stem 4,TRUE,,,,,,Leaf 3,,0,4,
28/06/2014,12:04:54 PM,j,,,,Seaward,20,quarter 1,1.9,5,2,stem 4,TRUE,,,,,,Leaf 4,,0,5,0
28/06/2014,12:05:03 PM,j,,,,Seaward,20,quarter 1,1.9,5,2,stem 4,TRUE,,,,,,Leaf 4,TRUE,25,0,0
28/06/2014,12:05:12 PM,j,,,,Seaward,20,quarter 1,1.9,5,2,stem 4,TRUE,,,,,,Leaf 5,,65,0,0
28/06/2014,12:05:21 PM,j,,,,Seaward,20,quarter 1,1.9,5,2,stem 4,TRUE,,,,,,Leaf 6,,4,1,0
28/06/2014,12:05:55 PM,j,,,,Seaward,20,quarter 1,1.9,5,2,stem 5,TRUE,,TRUE,,,,Leaf 1,,28,2,1
28/06/2014,12:06:25 PM,j,,,,Seaward,20,quarter 1,1.9,5,2,stem 5,TRUE,,TRUE,,,,Leaf 2,TRUE,0,0,0
28/06/2014,12:06:48 PM,j,,,,Seaward,20,quarter 1,1.9,5,2,stem 5,TRUE,,TRUE,,,,Leaf 2,TRUE,0,5,0
28/06/2014,12:07:00 PM,j,,,,Seaward,20,quarter 1,1.9,5,2,stem 5,TRUE,,TRUE,,,,Leaf 3,TRUE,0,4,0
28/06/2014,12:07:14 PM,j,,,,Seaward,20,quarter 1,1.9,5,2,stem 5,TRUE,,TRUE,,,,Leaf 3,TRUE,15,0,0
28/06/2014,12:07:23 PM,j,,,,Seaward,20,quarter 1,1.9,5,2,stem 5,TRUE,,TRUE,,,,Leaf 4,TRUE,0,2,0
28/06/2014,12:07:50 PM,j,,,,Seaward,20,quarter 1,1.9,5,2,stem 5,TRUE,,TRUE,,,,Leaf 5,TRUE,5,3,0
28/06/2014,12:07:56 PM,j,,,,Seaward,20,quarter 1,1.9,5,2,stem 5,TRUE,,TRUE,,,,Leaf 5,TRUE,0,0,0
28/06/2014,12:08:07 PM,j,,,,Seaward,20,quarter 1,1.9,5,2,stem 5,TRUE,,TRUE,,,,Leaf 6,,5,0,0
28/06/2014,12:09:26 PM,j,,,,Seaward,20,quarter 1,1.9,5,2,stem 6,TRUE,,TRUE,,,,Leaf 6,TRUE,20,5,0
28/06/2014,12:10:43 PM,j,,,,Seaward,20,quarter 1,1.9,5,2,stem 7,TRUE,,TRUE,,,,Leaf 1,TRUE,20,3,0
28/06/2014,12:11:09 PM,j,,,,Seaward,20,quarter 1,1.9,5,2,stem 7,TRUE,,TRUE,,,,Leaf 2,,30,6,3
28/06/2014,12:12:04 PM,j,,,,Seaward,20,quarter 1,1.9,5,2,stem 7,TRUE,,TRUE,,,,Leaf 3,TRUE,10,2,1
28/06/2014,12:13:04 PM,j,,,,Seaward,20,quarter 1,1.9,5,2,stem 7,TRUE,,TRUE,,,,Leaf 4,TRUE,15,5,2
28/06/2014,12:14:08 PM,j,,,,Seaward,20,quarter 1,1.9,5,2,stem 7,TRUE,,TRUE,,,,Leaf 5,TRUE,5,6,0
28/06/2014,12:15:00 PM,j,,,,Seaward,20,quarter 1,1.9,5,2,stem 7,,,TRUE,,,,Leaf 2,TRUE,5,2,2
28/06/2014,12:15:26 PM,j,,,,Seaward,20,quarter 1,1.9,5,2,stem 7,,,TRUE,,,,Leaf 3,TRUE,2,0,0
28/06/2014,12:15:47 PM,j,,,,Seaward,20,quarter 1,1.9,5,2,stem 7,,,TRUE,,,,Leaf 4,,0,0,0
28/06/2014,12:17:05 PM,j,,,,Seaward,20,quarter 1,1.9,5,2,stem 7,,,TRUE,,,,Leaf 5,TRUE,7,11,0
28/06/2014,12:17:30 PM,j,,,,Seaward,20,quarter 1,1.9,5,2,stem 7,,,TRUE,,,,Leaf 6,TRUE,5,5,0
28/06/2014,12:18:31 PM,j,,,,Seaward,20,quarter 1,1.9,5,2,stem 7,,,TRUE,,,,Leaf 5,TRUE,45,20,0
28/06/2014,12:18:51 PM,j,,,,Seaward,20,quarter 1,1.9,5,2,stem 8,TRUE,,,,,,Leaf 1,,0,0,0
28/06/2014,12:18:55 PM,j,,,,Seaward,20,quarter 1,1.9,5,2,stem 8,TRUE,,,,,,Leaf 2,,0,0,5
28/06/2014,12:19:05 PM,j,,,,Seaward,20,quarter 1,1.9,5,2,stem 8,TRUE,,,,,,Leaf 3,,50,5,0
28/06/2014,12:19:07 PM,j,,,,Seaward,20,quarter 1,1.9,5,2,stem 8,TRUE,,,,,,Leaf 4,,0,0,0
28/06/2014,12:19:14 PM,j,,,,Seaward,20,quarter 1,1.9,5,2,stem 8,TRUE,,,,,,Leaf 5,,0,5,4
28/06/2014,12:19:34 PM,j,,,,Seaward,20,quarter 1,1.9,5,2,stem 8,TRUE,,,,,,Leaf 6,TRUE,15,2,0
28/06/2014,12:23:19 PM,j,,,,Seaward,20,quarter 2,22,4,1.9,stem 1,TRUE,,,,,,Leaf 1,,0,6,2
28/06/2014,12:23:23 PM,j,,,,Seaward,20,quarter 2,22,4,1.9,stem 1,TRUE,,,,,,Leaf 2,TRUE,0,0,0
28/06/2014,12:23:33 PM,j,,,,Seaward,20,quarter 2,22,4,1.9,stem 1,TRUE,,,,,,Leaf 3,,26,5,2
28/06/2014,12:23:44 PM,j,,,,Seaward,20,quarter 2,22,4,1.9,stem 1,TRUE,,,,,,Leaf 3,TRUE,56,5,6
28/06/2014,12:24:23 PM,j,,,,Seaward,20,quarter 2,22,4,1.9,stem 1,TRUE,,,,,,Leaf 4,TRUE,45,2,0
28/06/2014,12:24:30 PM,j,,,,Seaward,20,quarter 2,22,4,1.9,stem 1,TRUE,,,,,,Leaf 5,,0,4,0
28/06/2014,12:24:34 PM,j,,,,Seaward,20,quarter 2,22,4,1.9,stem 1,TRUE,,,,,,Leaf 6,,0,0,0
28/06/2014,12:25:05 PM,j,,,,Seaward,20,quarter 2,22,4,1.9,stem 2,,TRUE,,,,,Leaf 1,,0,0,0
28/06/2014,12:25:11 PM,j,,,,Seaward,20,quarter 2,22,4,1.9,stem 2,,TRUE,,,,,Leaf 2,,0,4,2
28/06/2014,12:25:14 PM,j,,,,Seaward,20,quarter 2,22,4,1.9,stem 2,,TRUE,,,,,Leaf 3,,0,0,0
28/06/2014,12:25:22 PM,j,,,,Seaward,20,quarter 2,22,4,1.9,stem 2,,TRUE,,,,,Leaf 4,TRUE,50,5,0
28/06/2014,12:25:29 PM,j,,,,Seaward,20,quarter 2,22,4,1.9,stem 2,,TRUE,,,,,Leaf 5,TRUE,0,5,0
28/06/2014,12:25:51 PM,j,,,,Seaward,20,quarter 2,22,4,1.9,stem 2,,TRUE,,,,,Leaf 6,TRUE,5,7,0
28/06/2014,12:26:03 PM,j,,,,Seaward,20,quarter 2,22,4,1.9,stem 3,,TRUE,TRUE,,,,Leaf 1,,0,0,0
28/06/2014,12:26:06 PM,j,,,,Seaward,20,quarter 2,22,4,1.9,stem 3,,TRUE,TRUE,,,,Leaf 2,,0,0,0
28/06/2014,12:26:15 PM,j,,,,Seaward,20,quarter 2,22,4,1.9,stem 3,,TRUE,TRUE,,,,Leaf 3,TRUE,82,8,0
28/06/2014,12:26:24 PM,j,,,,Seaward,20,quarter 2,22,4,1.9,stem 3,,TRUE,TRUE,,,,Leaf 2,,20,2,4
28/06/2014,12:26:31 PM,j,,,,Seaward,20,quarter 2,22,4,1.9,stem 3,,TRUE,TRUE,,,,Leaf 3,,0,4,8
28/06/2014,12:26:43 PM,j,,,,Seaward,20,quarter 2,22,4,1.9,stem 3,,TRUE,TRUE,,,,Leaf 4,TRUE,0,7,6
28/06/2014,12:27:02 PM,j,,,,Seaward,20,quarter 2,22,4,1.9,stem 3,,TRUE,TRUE,,,,Leaf 5,TRUE,40,4,3
28/06/2014,12:27:09 PM,j,,,,Seaward,20,quarter 2,22,4,1.9,stem 3,,TRUE,TRUE,,,,Leaf 6,TRUE,0,4,2
28/06/2014,12:27:22 PM,j,,,,Seaward,20,quarter 2,22,4,1.9,stem 4,TRUE,,,,,,Leaf 1,TRUE,6,0,5
28/06/2014,12:27:26 PM,j,,,,Seaward,20,quarter 2,22,4,1.9,stem 4,TRUE,,,,,,Leaf 2,,0,0,0
28/06/2014,12:27:28 PM,j,,,,Seaward,20,quarter 2,22,4,1.9,stem 4,TRUE,,,,,,Leaf 3,,0,0,0
28/06/2014,12:27:36 PM,j,,,,Seaward,20,quarter 2,22,4,1.9,stem 4,TRUE,,,,,,Leaf 4,,20,4,9
28/06/2014,12:27:46 PM,j,,,,Seaward,20,quarter 2,22,4,1.9,stem 4,TRUE,,,,,,Leaf 6,TRUE,20,0,6
28/06/2014,12:27:47 PM,j,,,,Seaward,20,quarter 2,22,4,1.9,stem 4,TRUE,,,,,,Leaf 6,,,,
28/06/2014,12:27:59 PM,j,,,,Seaward,20,quarter 2,22,4,1.9,stem 4,TRUE,,,,,,Leaf 5,TRUE,6,2,6
28/06/2014,12:29:34 PM,j,,,,Seaward,20,quarter 2,22,4,1.9,stem 5,TRUE,TRUE,,,TRUE,,Leaf 1,,0,0,0
28/06/2014,12:29:48 PM,j,,,,Seaward,20,quarter 2,22,4,1.9,stem 5,TRUE,TRUE,,,TRUE,,Leaf 2,TRUE,15,5,6
28/06/2014,12:29:50 PM,j,,,,Seaward,20,quarter 2,22,4,1.9,stem 5,TRUE,TRUE,,,TRUE,,Leaf 3,,0,0,0
28/06/2014,12:29:56 PM,j,,,,Seaward,20,quarter 2,22,4,1.9,stem 5,TRUE,TRUE,,,TRUE,,Leaf 4,,0,4,6
28/06/2014,12:30:05 PM,j,,,,Seaward,20,quarter 2,22,4,1.9,stem 5,TRUE,TRUE,,,TRUE,,Leaf 4,TRUE,7,0,8
28/06/2014,12:30:14 PM,j,,,,Seaward,20,quarter 2,22,4,1.9,stem 5,TRUE,TRUE,,,TRUE,,Leaf 4,,0,0,0
28/06/2014,12:30:29 PM,j,,,,Seaward,20,quarter 2,22,4,1.9,stem 5,TRUE,TRUE,,,TRUE,,Leaf 5,,13,4,5
28/06/2014,12:30:37 PM,j,,,,Seaward,20,quarter 2,22,4,1.9,stem 5,TRUE,TRUE,,,TRUE,,Leaf 6,,18,0,2
28/06/2014,12:30:50 PM,j,,,,Seaward,20,quarter 2,22,4,1.9,stem 6,TRUE,,,,,,Leaf 1,TRUE,0,2,2
28/06/2014,12:30:58 PM,j,,,,Seaward,20,quarter 2,22,4,1.9,stem 6,TRUE,,,,,,Leaf 2,TRUE,22,0,0
28/06/2014,12:31:07 PM,j,,,,Seaward,20,quarter 2,22,4,1.9,stem 6,TRUE,,,,,,Leaf 3,,20,0,6
28/06/2014,12:31:16 PM,j,,,,Seaward,20,quarter 2,22,4,1.9,stem 6,TRUE,,,,,,Leaf 4,,0,4,5
28/06/2014,12:31:24 PM,j,,,,Seaward,20,quarter 2,22,4,1.9,stem 6,TRUE,,,,,,Leaf 5,,0,4,4
28/06/2014,12:31:28 PM,j,,,,Seaward,20,quarter 2,22,4,1.9,stem 6,TRUE,,,,,,Leaf 6,,0,0,0
28/06/2014,12:32:11 PM,j,,,,Seaward,20,quarter 2,22,4,1.9,stem 7,TRUE,,,,,,Leaf 1,,0,4,5
28/06/2014,12:32:20 PM,j,,,,Seaward,20,quarter 2,22,4,1.9,stem 7,TRUE,,,,,,Leaf 2,TRUE,25,0,4
28/06/2014,12:32:23 PM,j,,,,Seaward,20,quarter 2,22,4,1.9,stem 7,TRUE,,,,,,Leaf 3,,0,0,0
28/06/2014,12:32:32 PM,j,,,,Seaward,20,quarter 2,22,4,1.9,stem 7,TRUE,,,,,,Leaf 4,,12,5,0
28/06/2014,12:32:44 PM,j,,,,Seaward,20,quarter 2,22,4,1.9,stem 7,TRUE,,,,,,Leaf 5,TRUE,14,2,6
28/06/2014,12:32:47 PM,j,,,,Seaward,20,quarter 2,22,4,1.9,stem 7,TRUE,,,,,,Leaf 6,,0,0,0
28/06/2014,12:32:59 PM,j,,,,Seaward,20,quarter 2,22,4,1.9,stem 8,TRUE,,,,,,Leaf 1,,0,0,0
28/06/2014,12:33:07 PM,j,,,,Seaward,20,quarter 2,22,4,1.9,stem 8,TRUE,,,,,,Leaf 2,TRUE,25,4,6
28/06/2014,12:33:21 PM,j,,,,Seaward,20,quarter 2,22,4,1.9,stem 8,TRUE,,,,,,Leaf 3,,10,10,6
28/06/2014,12:33:23 PM,j,,,,Seaward,20,quarter 2,22,4,1.9,stem 8,TRUE,,,,,,Leaf 4,,0,0,0
28/06/2014,12:33:29 PM,j,,,,Seaward,20,quarter 2,22,4,1.9,stem 8,TRUE,,,,,,Leaf 5,,0,1,1
28/06/2014,12:33:38 PM,j,,,,Seaward,20,quarter 2,22,4,1.9,stem 8,TRUE,,,,,,Leaf 6,TRUE,5,2,1
28/06/2014,12:36:31 PM,j,,,,Seaward,20,quarter 3,2,1.7,9,stem 1,TRUE,,,,,,Leaf 1,TRUE,15,0,0
28/06/2014,12:37:08 PM,j,,,,Seaward,20,quarter 3,2,1.7,9,stem 1,TRUE,,,,,,Leaf 2,TRUE,20,20,15
28/06/2014,12:37:45 PM,j,,,,Seaward,20,quarter 3,2,1.7,9,stem 1,TRUE,,,,,,Leaf 3,TRUE,5,8,2
28/06/2014,12:38:29 PM,j,,,,Seaward,20,quarter 3,2,1.7,9,stem 1,TRUE,,,,,,Leaf 3,TRUE,6,2,0
28/06/2014,12:38:53 PM,j,,,,Seaward,20,quarter 3,2,1.7,9,stem 1,TRUE,,,,,,Leaf 3,,0,2,0
28/06/2014,12:40:00 PM,j,,,,Seaward,20,quarter 3,2,1.7,9,stem 1,TRUE,,,,,,Leaf 4,TRUE,5,2,0
28/06/2014,12:42:29 PM,j,,,,Seaward,20,quarter 3,2,1.7,9,stem 1,TRUE,,,,,,Leaf 5,,2,6,5
28/06/2014,12:42:49 PM,j,,,,Seaward,20,quarter 3,2,1.7,9,stem 1,TRUE,,,,,,Leaf 6,TRUE,15,5,1
28/06/2014,12:43:27 PM,j,,,,Seaward,20,quarter 3,2,1.7,9,stem 2,TRUE,,,,,,Leaf 1,TRUE,3,2,0
28/06/2014,12:44:13 PM,j,,,,Seaward,20,quarter 3,2,1.7,9,stem 2,TRUE,,,,,,Leaf 2,TRUE,6,3,0
28/06/2014,12:44:24 PM,j,,,,Seaward,20,quarter 3,2,1.7,9,stem 2,TRUE,,,,,,Leaf 2,TRUE,5,6,2
28/06/2014,12:45:13 PM,j,,,,Seaward,20,quarter 3,2,1.7,9,stem 2,TRUE,,,,,,Leaf 3,TRUE,0,5,0
28/06/2014,12:45:38 PM,j,,,,Seaward,20,quarter 3,2,1.7,9,stem 2,TRUE,,,,,,Leaf 4,TRUE,0,7,0
28/06/2014,12:46:26 PM,j,,,,Seaward,20,quarter 3,2,1.7,9,stem 2,TRUE,,,,,,Leaf 5,TRUE,5,3,0
28/06/2014,12:47:19 PM,j,,,,Seaward,20,quarter 3,2,1.7,9,stem 2,TRUE,,,,,,Leaf 6,TRUE,5,5,0
28/06/2014,12:48:12 PM,j,,,,Seaward,20,quarter 3,2,1.7,9,stem 3,TRUE,,,,,,Leaf 1,,0,5,0
28/06/2014,12:48:28 PM,j,,,,Seaward,20,quarter 3,2,1.7,9,stem 3,TRUE,,,,,,Leaf 2,TRUE,65,1,2
28/06/2014,12:48:41 PM,j,,,,Seaward,20,quarter 3,2,1.7,9,stem 3,TRUE,,,,,,Leaf 3,TRUE,56,5,0
28/06/2014,12:48:47 PM,j,,,,Seaward,20,quarter 3,2,1.7,9,stem 3,TRUE,,,,,,Leaf 3,,0,0,0
28/06/2014,12:49:11 PM,j,,,,Seaward,20,quarter 3,2,1.7,9,stem 3,TRUE,,,,,,Leaf 4,TRUE,15,0,0
28/06/2014,12:49:37 PM,j,,,,Seaward,20,quarter 3,2,1.7,9,stem 3,TRUE,,,,,,Leaf 5,TRUE,50,5,0
28/06/2014,12:50:05 PM,j,,,,Seaward,20,quarter 3,2,1.7,9,stem 3,TRUE,,,,,,Leaf 6,TRUE,25,6,2
28/06/2014,12:51:24 PM,j,,,,Seaward,20,quarter 3,2,1.7,9,stem 4,TRUE,,,,,,Leaf 4,TRUE,25,1,0
28/06/2014,12:51:51 PM,j,,,,Seaward,20,quarter 3,2,1.7,9,stem 4,TRUE,,,,,,Leaf 2,TRUE,65,5,0
28/06/2014,12:52:03 PM,j,,,,Seaward,20,quarter 3,2,1.7,9,stem 4,TRUE,,,,,,Leaf 4,TRUE,6,4,0
28/06/2014,12:52:28 PM,j,,,,Seaward,20,quarter 3,2,1.7,9,stem 4,TRUE,,,,,,Leaf 5,TRUE,6,5,2
28/06/2014,12:52:49 PM,j,,,,Seaward,20,quarter 3,2,1.7,9,stem 4,TRUE,,,,,,Leaf 5,TRUE,25,5,5
28/06/2014,12:53:04 PM,j,,,,Seaward,20,quarter 3,2,1.7,9,stem 5,TRUE,,,,,,Leaf 1,,,0,0
28/06/2014,12:53:07 PM,j,,,,Seaward,20,quarter 3,2,1.7,9,stem 5,TRUE,,,,,,Leaf 2,,,0,0
28/06/2014,12:53:30 PM,j,,,,Seaward,20,quarter 3,2,1.7,9,stem 5,TRUE,,,,,,Leaf 3,,25,5,0
28/06/2014,12:53:51 PM,j,,,,Seaward,20,quarter 3,2,1.7,9,stem 5,TRUE,,,,,,Leaf 3,TRUE,0,5,5
28/06/2014,12:54:36 PM,j,,,,Seaward,20,quarter 3,2,1.7,9,stem 5,TRUE,,,,,,Leaf 3,TRUE,10,2,0
28/06/2014,12:55:13 PM,j,,,,Seaward,20,quarter 3,2,1.7,9,stem 5,TRUE,,,,,,Leaf 5,TRUE,5,6,5
28/06/2014,12:55:49 PM,j,,,,Seaward,20,quarter 3,2,1.7,9,stem 5,TRUE,,,,,,Leaf 4,,0,0,0
28/06/2014,12:56:04 PM,j,,,,Seaward,20,quarter 3,2,1.7,9,stem 5,TRUE,,,,,,Leaf 5,,0,0,0
28/06/2014,12:56:38 PM,j,,,,Seaward,20,quarter 3,2,1.7,9,stem 5,TRUE,,,,,,Leaf 6,TRUE,5,5,5
28/06/2014,12:58:20 PM,j,,,,Seaward,20,quarter 3,2,1.7,9,stem 6,TRUE,,,,,,Leaf 1,TRUE,5,3,0
28/06/2014,12:58:44 PM,j,,,,Seaward,20,quarter 3,2,1.7,9,stem 6,TRUE,,,,,,Leaf 2,,10,0,2
28/06/2014,12:59:09 PM,j,,,,Seaward,20,quarter 3,2,1.7,9,stem 6,TRUE,,,,,,Leaf 3,,0,2,0
28/06/2014,12:59:20 PM,j,,,,Seaward,20,quarter 3,2,1.7,9,stem 6,TRUE,,,,,,Leaf 4,TRUE,5,6,0
28/06/2014,12:59:29 PM,j,,,,Seaward,20,quarter 3,2,1.7,9,stem 6,TRUE,,,,,,Leaf 3,TRUE,5,0,2
28/06/2014,12:59:49 PM,j,,,,Seaward,20,quarter 3,2,1.7,9,stem 6,TRUE,,,,,,Leaf 5,TRUE,0,6,0
28/06/2014,12:59:58 PM,j,,,,Seaward,20,quarter 3,2,1.7,9,stem 6,TRUE,,,,,,Leaf 5,TRUE,0,0,0
28/06/2014,1:00:07 PM,j,,,,Seaward,20,quarter 3,2,1.7,9,stem 6,TRUE,,,,,,Leaf 6,,0,0,0
28/06/2014,1:01:03 PM,j,,,,Seaward,20,quarter 3,2,1.7,9,stem 7,TRUE,,,,,,Leaf 1,TRUE,5,6,0
28/06/2014,1:01:21 PM,j,,,,Seaward,20,quarter 3,2,1.7,9,stem 7,TRUE,,,,,,Leaf 2,TRUE,6,9,0
28/06/2014,1:01:33 PM,j,,,,Seaward,20,quarter 3,2,1.7,9,stem 7,TRUE,,,,,,Leaf 4,TRUE,20,5,2
28/06/2014,1:01:43 PM,j,,,,Seaward,20,quarter 3,2,1.7,9,stem 7,TRUE,,,,,,Leaf 5,TRUE,5,6,0
28/06/2014,1:01:53 PM,j,,,,Seaward,20,quarter 3,2,1.7,9,stem 7,TRUE,,,,,,Leaf 6,TRUE,0,0,0
28/06/2014,1:03:36 PM,j,,,,Seaward,20,quarter 3,2,1.7,9,stem 8,TRUE,,,,,,Leaf 1,TRUE,5,3,2
28/06/2014,1:03:45 PM,j,,,,Seaward,20,quarter 3,2,1.7,9,stem 8,TRUE,,,,,,Leaf 2,TRUE,2,1,0
28/06/2014,1:04:06 PM,j,,,,Seaward,20,quarter 3,2,1.7,9,stem 8,TRUE,,,,,,Leaf 3,TRUE,0,0,0
28/06/2014,1:04:14 PM,j,,,,Seaward,20,quarter 3,2,1.7,9,stem 8,TRUE,,,,,,Leaf 4,,0,0,0
28/06/2014,1:04:32 PM,j,,,,Seaward,20,quarter 3,2,1.7,9,stem 8,TRUE,,,,,,Leaf 5,,,30,2
28/06/2014,1:05:40 PM,j,,,,Seaward,20,quarter 4,26,3.4,42,stem 1,TRUE,,,,,,Leaf 1,,0,4,0
28/06/2014,1:05:47 PM,j,,,,Seaward,20,quarter 4,26,3.4,42,stem 1,TRUE,,,,,,Leaf 2,TRUE,20,2,2
28/06/2014,1:05:50 PM,j,,,,Seaward,20,quarter 4,26,3.4,42,stem 1,TRUE,,,,,,Leaf 3,,0,0,0
28/06/2014,1:05:59 PM,j,,,,Seaward,20,quarter 4,26,3.4,42,stem 1,TRUE,,,,,,Leaf 4,TRUE,20,0,0
28/06/2014,1:06:08 PM,j,,,,Seaward,20,quarter 4,26,3.4,42,stem 1,TRUE,,,,,,Leaf 4,TRUE,10,1,2
28/06/2014,1:06:11 PM,j,,,,Seaward,20,quarter 4,26,3.4,42,stem 1,TRUE,,,,,,Leaf 5,,0,0,0
28/06/2014,1:06:18 PM,j,,,,Seaward,20,quarter 4,26,3.4,42,stem 1,TRUE,,,,,,Leaf 6,,5,2,0
28/06/2014,1:06:33 PM,j,,,,Seaward,20,quarter 4,26,3.4,42,stem 2,TRUE,,TRUE,,,TRUE,Leaf 1,TRUE,6,2,0
28/06/2014,1:06:35 PM,j,,,,Seaward,20,quarter 4,26,3.4,42,stem 2,TRUE,,TRUE,,,TRUE,Leaf 2,,0,0,0
28/06/2014,1:06:44 PM,j,,,,Seaward,20,quarter 4,26,3.4,42,stem 2,TRUE,,TRUE,,,TRUE,Leaf 3,,15,6,8
28/06/2014,1:06:48 PM,j,,,,Seaward,20,quarter 4,26,3.4,42,stem 2,TRUE,,TRUE,,,TRUE,Leaf 4,,0,4,0
28/06/2014,1:06:55 PM,j,,,,Seaward,20,quarter 4,26,3.4,42,stem 2,TRUE,,TRUE,,,TRUE,Leaf 5,,0,1,1
28/06/2014,1:07:01 PM,j,,,,Seaward,20,quarter 4,26,3.4,42,stem 2,TRUE,,TRUE,,,TRUE,Leaf 6,,0,0,0
28/06/2014,1:07:08 PM,j,,,,Seaward,20,quarter 4,26,3.4,42,stem 3,,TRUE,,,,,Leaf 1,,0,0,0
28/06/2014,1:07:14 PM,j,,,,Seaward,20,quarter 4,26,3.4,42,stem 3,,TRUE,,,,,Leaf 2,,0,2,0
28/06/2014,1:07:19 PM,j,,,,Seaward,20,quarter 4,26,3.4,42,stem 3,,TRUE,,,,,Leaf 3,TRUE,0,3,0
28/06/2014,1:07:30 PM,j,,,,Seaward,20,quarter 4,26,3.4,42,stem 3,,TRUE,,,,,Leaf 4,TRUE,25,0,2
28/06/2014,1:07:33 PM,j,,,,Seaward,20,quarter 4,26,3.4,42,stem 3,,TRUE,,,,,Leaf 4,,0,0,0
28/06/2014,1:07:39 PM,j,,,,Seaward,20,quarter 4,26,3.4,42,stem 3,,TRUE,,,,,Leaf 5,,0,2,2
28/06/2014,1:07:45 PM,j,,,,Seaward,20,quarter 4,26,3.4,42,stem 3,,TRUE,,,,,Leaf 6,TRUE,5,0,0
28/06/2014,1:08:45 PM,j,,,,,,,,,,,,,,,,,,,,,
28/06/2014,1:08:49 PM,j,,,,Seaward,,,,,,,,,,,,,,,,,
28/06/2014,1:09:08 PM,j,,,,Seaward,,,,,,,,,,,,,,,,,
28/06/2014,1:10:06 PM,j,,,,Seaward,,quarter 4,0,1,1,stem 4,,,,,,,Leaf 4,,5,0,6
28/06/2014,1:10:17 PM,j,,,,Seaward,,quarter 4,0,1,1,stem 4,,,,,,,Leaf 5,,5,2,0
28/06/2014,1:10:30 PM,j,,,,Seaward,,quarter 4,0,1,1,stem 4,,,,,,,Leaf 6,,0,0,2
28/06/2014,1:10:51 PM,j,,,,Seaward,,quarter 4,0,1,1,stem 5,,,,,,,Leaf 1,,0,0,0
28/06/2014,1:10:55 PM,j,,,,Seaward,,quarter 4,0,1,1,stem 5,,,,,,,Leaf 2,,0,0,2
28/06/2014,1:11:01 PM,j,,,,Seaward,,quarter 4,0,1,1,stem 5,,,,,,,Leaf 3,,5,0,2
28/06/2014,1:11:09 PM,j,,,,Seaward,,quarter 4,0,1,1,stem 5,,,,,,,Leaf 4,,0,5,1
28/06/2014,1:11:22 PM,j,,,,Seaward,,quarter 4,0,1,1,stem 5,,,,,,,Leaf 4,TRUE,16,0,2
28/06/2014,1:11:26 PM,j,,,,Seaward,,quarter 4,0,1,1,stem 5,,,,,,,Leaf 5,,0,0,2
28/06/2014,1:11:29 PM,j,,,,Seaward,,quarter 4,0,1,1,stem 5,,,,,,,Leaf 6,,0,0,0
28/06/2014,1:11:39 PM,j,,,,Seaward,,quarter 4,0,1,1,stem 5,,,,,,,Leaf 1,,0,4,0
28/06/2014,1:11:50 PM,j,,,,Seaward,,quarter 4,0,1,1,stem 5,,,,,,,Leaf 3,TRUE,20,2,1
28/06/2014,1:11:59 PM,j,,,,Seaward,,quarter 4,0,1,1,stem 5,,,,,,,Leaf 4,,2,2,2
28/06/2014,1:12:03 PM,j,,,,Seaward,,quarter 4,0,1,1,stem 5,,,,,,,Leaf 5,,0,0,0
28/06/2014,1:12:05 PM,j,,,,Seaward,,quarter 4,0,1,1,stem 5,,,,,,,Leaf 6,,0,0,0
28/06/2014,1:12:15 PM,j,,,,Seaward,,quarter 4,0,1,1,stem 6,,,,,,,Leaf 1,,0,0,
28/06/2014,1:12:25 PM,j,,,,Seaward,,quarter 4,0,1,1,stem 6,,TRUE,,,,,Leaf 3,,0,0,0
28/06/2014,1:12:32 PM,j,,,,Seaward,,quarter 4,0,1,1,stem 6,,TRUE,,,,,Leaf 3,,10,5,2
28/06/2014,1:12:35 PM,j,,,,Seaward,,quarter 4,0,1,1,stem 6,,TRUE,,,,,Leaf 4,,0,0,0
28/06/2014,1:12:37 PM,j,,,,Seaward,,quarter 4,0,1,1,stem 6,,TRUE,,,,,Leaf 5,,0,0,0
28/06/2014,1:12:44 PM,j,,,,Seaward,,quarter 4,0,1,1,stem 6,,TRUE,,,,,Leaf 6,TRUE,50,0,5
28/06/2014,1:13:16 PM,j,,,,Seaward,,quarter 4,0,1,1,stem 7,TRUE,,,,,,Leaf 2,TRUE,2,2,0
28/06/2014,1:13:22 PM,j,,,,Seaward,,quarter 4,0,1,1,stem 7,TRUE,,,,,,Leaf 1,,0,4,2
28/06/2014,1:13:25 PM,j,,,,Seaward,,quarter 4,0,1,1,stem 7,TRUE,,,,,,Leaf 3,,0,0,0
28/06/2014,1:13:34 PM,j,,,,Seaward,,quarter 4,0,1,1,stem 7,TRUE,,,,,,Leaf 4,TRUE,1,0,2
28/06/2014,1:13:37 PM,j,,,,Seaward,,quarter 4,0,1,1,stem 7,TRUE,,,,,,Leaf 5,,0,0,0
28/06/2014,1:13:42 PM,j,,,,Seaward,,quarter 4,0,1,1,stem 7,TRUE,,,,,,Leaf 6,TRUE,0,0,2
28/06/2014,1:14:11 PM,j,,,,Seaward,,quarter 4,0,1,1,stem 8,TRUE,,,,,,Leaf 1,,0,0,2
28/06/2014,1:14:15 PM,j,,,,Seaward,,quarter 4,0,1,1,stem 8,TRUE,,,,,,Leaf 2,,0,0,0
28/06/2014,1:14:35 PM,j,,,,Seaward,,quarter 4,0,1,1,stem 8,TRUE,,,,,,Leaf 3,TRUE,20,5,0
28/06/2014,1:14:46 PM,j,,,,Seaward,,quarter 4,0,1,1,stem 8,TRUE,,,,,,Leaf 4,TRUE,80,0,6
28/06/2014,1:14:56 PM,j,,,,Seaward,,quarter 4,0,1,1,stem 8,TRUE,,,,,,Leaf 5,,0,0,0
28/06/2014,1:15:19 PM,j,,,,Seaward,,quarter 4,0,1,1,stem 8,TRUE,,,,,,Leaf 6,TRUE,25,7,6
28/06/2014,1:15:44 PM,j,,,,Seaward,,return to transect point,0,1,1,return>quarter,TRUE,,,,,,return to stem,,,,
