"Date","Time","Group","Distance along tape","Zone","Longitude","Latitude","Dune position","Litter cover","Number active burrows","Number inactive burrows","Number burrows >2cm across","Total number burrows","Ratio active burrows","Ratio >2cm across burrows","Number of trees","Number of ground plants","Living ground cover","Angular Pigface","Coast Headland Pea","Beach Morning Glory","Beach Primrose","Beach Sawthistle","Beach Couch","Beach Spinifex","Blady Grass","Blue Flax Lily","Coastal Jack Bean","Coastal Lovegrass","Devils Twine","Dune Oxalis","Emilia","Everlasting Daisy","Hillside Burrgrass","Marine Couch","Mossman River Grass","Native Cobblers Pegs","Scented Fan Flower","Snake Vine","Tape Vine","Yellow Beach Bean","Coastal Banksia","Red Ash","Coastal Canthium","Native Cherry","Coastal Screw Pine","Coastal Wattle","Coastal She oak","Black Wattle","Twiggy Homoranthus","Mangrove Boobialla","Week","Group color"
"30/06/2015","8:29:51 AM","ahlia",100,"80m-100m",153.09462214,-25.60022677,"",0,1,1,0,2,0.5,0,0,1,0.05,0,0,0,0,0,0,0.05,0,0,0,0,0,0,0,0,0,0,0,0,0,0,0,0,0,0,0,0,0,0,0,0,0,0,"Week 1","blue"
"30/06/2015","8:40:35 AM","ahlia",0,"0-20m",153.09441157,-25.60108063,"Upslope",0,0,0,0,0,NA,NA,0,0,0,0,0,0,0,0,0,0,0,0,0,0,0,0,0,0,0,0,0,0,0,0,0,0,0,0,0,0,0,0,0,0,0,0,"Week 1","blue"
"30/06/2015","8:42:06 AM","ahlia",5,"0-20m",153.09437445,-25.600979,"Upslope",0.01,0,1,0,1,0,0,0,1,0.35,0,0,0,0,0,0,0.35,0,0,0,0,0,0,0,0,0,0,0,0,0,0,0,0,0,0,0,0,0,0,0,0,0,0,"Week 1","blue"
"30/06/2015","8:44:05 AM","ahlia",10,"0-20m",153.09430581,-25.60102357,"Crest",0,0,0,0,0,NA,NA,0,1,0.15,0,0,0,0,0,0,0.15,0,0,0,0,0,0,0,0,0,0,0,0,0,0,0,0,0,0,0,0,0,0,0,0,0,0,"Week 1","blue"
"30/06/2015","8:45:29 AM","ahlia",15,"0-20m",153.09424952,-25.60099329,"Crest",0.05,0,4,1,4,0,0.25,0,1,0.5,0,0,0,0,0,0,0.5,0,0,0,0,0,0,0,0,0,0,0,0,0,0,0,0,0,0,0,0,0,0,0,0,0,0,"Week 1","blue"
"30/06/2015","8:47:48 AM","ahlia",20,"0-20m",153.09420313,-25.60101965,"Upslope",0.05,1,3,0,4,0.25,0,0,1,0.2,0,0,0,0,0,0,0.2,0,0,0,0,0,0,0,0,0,0,0,0,0,0,0,0,0,0,0,0,0,0,0,0,0,0,"Week 1","blue"
"30/06/2015","8:54:12 AM","ahlia",25,"20-40m",153.09416542,-25.60098252,"Upslope",0.1,2,9,1,11,0.181818181818182,0.0909090909090909,0,3,0.95,0,0,0,0,0,0,0.15,0,0,0,0,0,0.5,0,0,0,0,0,0,0.3,0,0,0,0,0,0,0,0,0,0,0,0,0,"Week 1","blue"
"30/06/2015","8:58:57 AM","ahlia",30,"20-40m",153.09410237,-25.60101431,"Upslope",0.7,1,5,2,6,0.166666666666667,0.333333333333333,1,2,0.5,0,0,0,0,0,0,0.3,0,0,0,0,0,0.2,0,0,0,0,0,0,0,0,0,0,0,0,0,0,0,0,1,0,0,0,"Week 1","blue"
"30/06/2015","9:10:09 AM","ahlia",35,"20-40m",153.09407388,-25.60096037,"Upslope",0.7,2,3,4,5,0.4,0.8,0,2,0.65,0,0,0,0,0,0,0.35,0,0,0,0,0,0,0,0,0,0,0,0,0.3,0,0,0,0,0,0,0,0,0,0,0,0,0,"Week 1","blue"
"30/06/2015","9:14:18 AM","ahlia",40,"20-40m",153.09400354,-25.60099783,"Upslope",0.8,1,1,0,2,0.5,0,1,2,0.9,0,0,0,0,0,0,0.7,0,0,0,0,0,0,0,0,0,0.2,0,0,0,0,0,0,0,0,0,0,0,0,1,0,0,0,"Week 1","blue"
"30/06/2015","9:19:44 AM","ahlia",45,"40-60m",153.09396668,-25.60096492,"Upslope",1,0,1,0,1,0,0,1,2,0.3,0.2,0,0,0,0,0,0,0,0,0,0,0,0,0,0,0,0.1,0,0,0,0,0,0,1,0,0,0,0,0,0,0,0,0,"Week 1","blue"
"30/06/2015","9:22:27 AM","ahlia",50,"40-60m",153.09392749,-25.60095358,"Upslope",1,1,0,1,1,1,1,2,1,0.3,0,0,0,0,0,0,0.3,0,0,0,0,0,0,0,0,0,0,0,0,0,0,0,0,0,0,0,0,0,1,1,0,0,0,"Week 1","blue"
"30/06/2015","9:27:25 AM","ahlia",55,"40-60m",153.09389015,-25.60092051,"Upslope",0.95,0,0,0,0,NA,NA,1,3,0.85,0,0,0,0,0,0,0.5,0,0,0,0,0,0,0,0,0,0.25,0,0,0.1,0,0,0,0,0,0,0,0,1,0,0,0,0,"Week 1","blue"
"30/06/2015","9:33:36 AM","ahlia",60,"40-60m",153.09382997,-25.60089941,"Downslope",1,0,0,0,0,NA,NA,1,3,1.2,0,0,0,0,0,0,0.1,0,0,0,0,0,0,0,0,0,0.7,0,0,0.4,0,0,0,0,0,0,0,0,1,0,0,0,0,"Week 1","blue"
"30/06/2015","8:29:48 AM","benj",100,"80m-100m",153.09461378,-25.60022198,"Upslope",0.01,1,1,0,2,0.5,0,0,1,0.1,0,0,0,0,0,0,0.1,0,0,0,0,0,0,0,0,0,0,0,0,0,0,0,0,0,0,0,0,0,0,0,0,0,0,"Week 1","blue"
"30/06/2015","8:48:19 AM","benj",0,"0-20m",153.09465563,-25.60029872,"Trough",0.02,0,0,0,0,NA,NA,0,0,0,0,0,0,0,0,0,0,0,0,0,0,0,0,0,0,0,0,0,0,0,0,0,0,0,0,0,0,0,0,0,0,0,0,"Week 1","blue"
"30/06/2015","8:50:42 AM","benj",5,"0-20m",153.09461403,-25.60024456,"Upslope",0.01,0,1,0,1,0,0,0,1,0.02,0,0,0,0,0,0,0.02,0,0,0,0,0,0,0,0,0,0,0,0,0,0,0,0,0,0,0,0,0,0,0,0,0,0,"Week 1","blue"
"30/06/2015","8:52:44 AM","benj",10,"0-20m",153.09455447,-25.60026748,"Downslope",0.08,2,1,1,3,0.666666666666667,0.333333333333333,0,1,0.3,0,0,0,0,0,0,0.3,0,0,0,0,0,0,0,0,0,0,0,0,0,0,0,0,0,0,0,0,0,0,0,0,0,0,"Week 1","blue"
"30/06/2015","8:54:23 AM","benj",15,"0-20m",153.09449536,-25.60020781,"Trough",0.01,1,1,0,2,0.5,0,0,1,0.25,0,0,0,0,0,0,0.25,0,0,0,0,0,0,0,0,0,0,0,0,0,0,0,0,0,0,0,0,0,0,0,0,0,0,"Week 1","blue"
"30/06/2015","8:56:00 AM","benj",20,"0-20m",153.09445718,-25.60025109,"Upslope",0.15,2,1,0,3,0.666666666666667,0,0,1,0.12,0,0,0,0,0,0,0.12,0,0,0,0,0,0,0,0,0,0,0,0,0,0,0,0,0,0,0,0,0,0,0,0,0,0,"Week 1","blue"
"30/06/2015","8:57:29 AM","benj",25,"20-40m",153.09441153,-25.60022116,"Crest",0.4,1,2,1,3,0.333333333333333,0.333333333333333,0,1,0.2,0,0,0,0,0,0,0.2,0,0,0,0,0,0,0,0,0,0,0,0,0,0,0,0,0,0,0,0,0,0,0,0,0,0,"Week 1","blue"
"30/06/2015","8:59:17 AM","benj",30,"20-40m",153.09437273,-25.60022529,"Upslope",0.1,1,2,1,3,0.333333333333333,0.333333333333333,0,3,0.33,0.15,0,0.08,0,0,0,0.1,0,0,0,0,0,0,0,0,0,0,0,0,0,0,0,0,0,0,0,0,0,0,0,0,0,0,"Week 1","blue"
"30/06/2015","9:01:25 AM","benj",35,"20-40m",153.09430939,-25.60019567,"Crest",0.15,3,1,1,4,0.75,0.25,0,2,0.26,0,0,0.01,0,0,0,0.25,0,0,0,0,0,0,0,0,0,0,0,0,0,0,0,0,0,0,0,0,0,0,0,0,0,0,"Week 1","blue"
"30/06/2015","9:04:21 AM","benj",40,"20-40m",153.0942931,-25.60020694,"Downslope",0.1,3,0,1,3,1,0.333333333333333,0,2,0.27,0,0,0,0,0,0,0.02,0,0,0,0,0,0,0,0,0,0.25,0,0,0,0,0,0,0,0,0,0,0,0,0,0,0,0,"Week 1","blue"
"30/06/2015","9:07:34 AM","benj",45,"40-60m",153.09418092,-25.60021025,"Upslope",0.4,0,0,0,0,NA,NA,1,3,0.58,0,0,0.03,0,0,0,0,0,0,0,0,0,0,0,0,0,0.3,0,0,0.25,0,0,0,0,0,0,0,0,0,1,0,0,0,"Week 1","blue"
"30/06/2015","9:11:39 AM","benj",50,"40-60m",153.09418213,-25.60020176,"Upslope",0.4,1,3,2,4,0.25,0.5,0,3,0.35,0,0,0.05,0,0,0,0,0,0,0,0,0,0,0,0,0,0.15,0,0,0.15,0,0,0,0,0,0,0,0,0,0,0,0,0,"Week 1","blue"
"30/06/2015","9:14:36 AM","benj",55,"40-60m",153.09412146,-25.6001468,"Downslope",0.75,0,1,0,1,0,0,2,2,0.4,0,0,0,0,0,0,0,0,0,0,0,0,0,0,0,0,0.2,0,0,0.2,0,0,0,0,0,0,0,0,2,0,0,0,0,"Week 1","blue"
"30/06/2015","9:17:50 AM","benj",60,"40-60m",153.09408052,-25.60017113,"Downslope",0.95,0,0,0,0,NA,NA,0,2,0.7,0,0,0,0,0,0,0,0,0,0,0,0,0,0,0,0,0.05,0,0,0.65,0,0,0,0,0,0,0,0,0,0,0,0,0,"Week 1","blue"
"30/06/2015","9:19:43 AM","benj",65,"60-80m",153.09404088,-25.60009527,"Downslope",0.7,0,2,2,2,0,1,0,3,0.72,0,0,0,0,0,0,0,0,0.1,0,0,0,0,0,0,0,0.02,0,0,0.6,0,0,0,0,0,0,0,0,0,0,0,0,0,"Week 1","blue"
"30/06/2015","9:33:50 AM","benj",70,"60-80m",153.09398785,-25.60009184,"Trough",0.9,1,NA,1,NA,NA,NA,1,2,0.6,0,0,0,0,0,0,0,0,0,0,0,0,0,0,0,0,0.2,0,0,0.4,0,0,0,0,0,0,0,0,1,0,0,0,0,"Week 1","blue"
"30/06/2015","9:39:28 AM","benj",75,"60-80m",153.09400728,-25.60003283,"Trough",0.9,0,0,0,0,NA,NA,1,4,0.48,0,0,0,0.1,0,0,0,0,0.08,0,0,0,0,0,0,0,0.2,0,0,0.1,0,0,0,0,0,0,0,0,1,0,0,0,0,"Week 1","blue"
"30/06/2015","8:29:11 AM","Crabby",100,"80m-100m",153.09461976,-25.60023995,"Upslope",0.01,1,1,0,2,0.5,0,0,1,0.05,0,0,0,0,0,0,0.05,0,0,0,0,0,0,0,0,0,0,0,0,0,0,0,0,0,0,0,0,0,0,0,0,0,0,"Week 1","blue"
"30/06/2015","8:41:29 AM","Crabby",5,"0-20m",153.09452915,-25.60052966,"Upslope",0,0,1,0,1,0,0,0,1,0.15,0,0,0,0,0,0,0.15,0,0,0,0,0,0,0,0,0,0,0,0,0,0,0,0,0,0,0,0,0,0,0,0,0,0,"Week 1","blue"
"30/06/2015","8:44:20 AM","Crabby",0,"0-20m",153.09454714,-25.6005456,"Upslope",0,0,0,0,0,NA,NA,0,0,0,0,0,0,0,0,0,0,0,0,0,0,0,0,0,0,0,0,0,0,0,0,0,0,0,0,0,0,0,0,0,0,0,0,"Week 1","blue"
"30/06/2015","8:45:30 AM","Crabby",10,"0-20m",153.09441153,-25.60054124,"Crest",0.01,0,0,0,0,NA,NA,0,1,0.6,0,0,0,0,0,0,0.6,0,0,0,0,0,0,0,0,0,0,0,0,0,0,0,0,0,0,0,0,0,0,0,0,0,0,"Week 1","blue"
"30/06/2015","8:47:05 AM","Crabby",15,"0-20m",153.09441346,-25.60053807,"Trough",0.05,0,1,0,1,0,0,0,1,0.2,0,0,0,0,0,0,0.2,0,0,0,0,0,0,0,0,0,0,0,0,0,0,0,0,0,0,0,0,0,0,0,0,0,0,"Week 1","blue"
"30/06/2015","8:48:33 AM","Crabby",20,"0-20m",153.09438108,-25.60049679,"Upslope",0,0,8,2,8,0,0.25,0,1,0.4,0,0,0,0,0,0,0.4,0,0,0,0,0,0,0,0,0,0,0,0,0,0,0,0,0,0,0,0,0,0,0,0,0,0,"Week 1","blue"
"30/06/2015","8:50:59 AM","Crabby",25,"20-40m",153.09432153,-25.60051571,"Upslope",0,0,5,1,5,0,0.2,0,1,0.45,0,0,0,0,0,0,0.45,0,0,0,0,0,0,0,0,0,0,0,0,0,0,0,0,0,0,0,0,0,0,0,0,0,0,"Week 1","blue"
"30/06/2015","8:54:03 AM","Crabby",30,"20-40m",153.09426536,-25.60049481,"Upslope",0.01,3,3,2,6,0.5,0.333333333333333,0,2,0.35,0,0,0,0,0,0,0.3,0,0,0,0,0,0,0,0,0,0,0,0,0.05,0,0,0,0,0,0,0,0,0,0,0,0,0,"Week 1","blue"
"30/06/2015","8:56:22 AM","Crabby",35,"20-40m",153.09421867,-25.60049797,"Crest",0.9,1,4,2,5,0.2,0.4,1,1,0.07,0,0,0,0,0,0,0.07,0,0,0,0,0,0,0,0,0,0,0,0,0,0,0,0,0,0,0,0,0,0,1,0,0,0,"Week 1","blue"
"30/06/2015","8:58:53 AM","Crabby",40,"20-40m",153.09417814,-25.60050217,"Downslope",0.05,1,2,1,3,0.333333333333333,0.333333333333333,0,2,0.6,0,0,0,0,0,0,0.5,0,0,0,0,0,0,0,0,0,0,0,0,0.1,0,0,0,0,0,0,0,0,0,0,0,0,0,"Week 1","blue"
"30/06/2015","9:01:01 AM","Crabby",45,"40-60m",153.09411425,-25.60050715,"Downslope",0.2,0,0,0,0,NA,NA,0,2,0.6,0,0,0,0,0,0,0.2,0,0,0,0,0,0,0,0,0,0,0,0,0.4,0,0,0,0,0,0,0,0,0,0,0,0,0,"Week 1","blue"
"30/06/2015","9:02:52 AM","Crabby",50,"40-60m",153.09407314,-25.6004742,"Upslope",0.15,2,3,1,5,0.4,0.2,0,2,0.4,0,0,0,0,0,0,0.15,0,0,0,0,0,0,0,0,0,0,0,0,0.25,0,0,0,0,0,0,0,0,0,0,0,0,0,"Week 1","blue"
"30/06/2015","9:05:43 AM","Crabby",55,"40-60m",153.09402628,-25.60048998,"Crest",0.2,1,0,1,1,1,1,0,3,0.5,0,0,0,0.25,0,0,0,0.15,0,0,0,0,0,0,0,0,0,0,0,0.1,0,0,0,0,0,0,0,0,0,0,0,0,0,"Week 1","blue"
"30/06/2015","9:09:01 AM","Crabby",60,"40-60m",153.09396944,-25.60046718,"Downslope",0.2,0,4,2,4,0,0.5,1,2,0.75,0,0,0,0,0,0,0,0.7,0,0,0,0,0,0,0,0,0,0,0,0.05,0,0,0,1,0,0,0,0,0,0,0,0,0,"Week 1","blue"
"30/06/2015","9:11:58 AM","Crabby",65,"60-80m",153.09391168,-25.60050102,"Trough",0.7,1,3,1,4,0.25,0.25,1,3,0.62,0,0,0,0,0,0,0,0.5,0,0,0,0,0,0.02,0,0,0,0,0,0.1,0,0,0,1,0,0,0,0,0,0,0,0,0,"Week 1","blue"
"30/06/2015","9:19:22 AM","Crabby",70,"60-80m",153.09387182,-25.6004781,"Trough",0.8,0,0,0,0,NA,NA,1,3,0.62,0,0,0,0,0,0,0,0,0.1,0,0,0,0,0,0,0,0.4,0,0,0.12,0,0,0,0,0,0,0,0,1,0,0,0,0,"Week 1","blue"
"30/06/2015","9:40:19 AM","race",0,"0-20m",153.09429456,-25.60132232,"Upslope",0,0,0,0,0,NA,NA,0,0,0,0,0,0,0,0,0,0,0,0,0,0,0,0,0,0,0,0,0,0,0,0,0,0,0,0,0,0,0,0,0,0,0,0,"Week 1","blue"
"30/06/2015","9:40:45 AM","race",5,"0-20m",153.09426284,-25.60130456,"Upslope",0,0,0,0,0,NA,NA,0,1,0.4,0,0,0,0,0,0,0.4,0,0,0,0,0,0,0,0,0,0,0,0,0,0,0,0,0,0,0,0,0,0,0,0,0,0,"Week 1","blue"
"30/06/2015","9:41:13 AM","race",10,"0-20m",153.09422619,-25.60129197,"Crest",0,0,0,0,0,NA,NA,0,1,0.15,0,0,0,0,0,0,0.15,0,0,0,0,0,0,0,0,0,0,0,0,0,0,0,0,0,0,0,0,0,0,0,0,0,0,"Week 1","blue"
"30/06/2015","9:41:44 AM","race",15,"0-20m",153.09416331,-25.60129673,"Upslope",0.05,0,2,0,2,0,0,0,1,0.15,0,0,0,0,0,0,0.15,0,0,0,0,0,0,0,0,0,0,0,0,0,0,0,0,0,0,0,0,0,0,0,0,0,0,"Week 1","blue"
"30/06/2015","9:42:22 AM","race",20,"0-20m",153.0941193,-25.60124925,"Upslope",0,0,2,0,2,0,0,0,1,0.35,0,0,0,0,0,0,0.35,0,0,0,0,0,0,0,0,0,0,0,0,0,0,0,0,0,0,0,0,0,0,0,0,0,0,"Week 1","blue"
"30/06/2015","9:43:05 AM","race",25,"20-40m",153.09407423,-25.60126971,"Downslope",0,1,1,1,2,0.5,0.5,0,1,0.15,0,0,0,0,0,0,0.15,0,0,0,0,0,0,0,0,0,0,0,0,0,0,0,0,0,0,0,0,0,0,0,0,0,0,"Week 1","blue"
"30/06/2015","9:43:58 AM","race",30,"20-40m",153.09403897,-25.60124424,"Upslope",0,1,2,0,3,0.333333333333333,0,0,3,0.37,0,0,0,0,0,0.17,0.1,0.1,0,0,0,0,0,0,0,0,0,0,0,0,0,0,0,0,0,0,0,0,0,0,0,0,0,"Week 1","blue"
"30/06/2015","8:29:46 AM","glass",100,"80m-100m",153.09460653,-25.60022507,"Upslope",0.01,1,1,0,2,0.5,0,0,1,0.05,0,0,0,0,0,0,0.05,0,0,0,0,0,0,0,0,0,0,0,0,0,0,0,0,0,0,0,0,0,0,0,0,0,0,"Week 1","blue"
"30/06/2015","8:45:17 AM","glass",0,"0-20m",153.09447296,-25.60080218,"Trough",0.01,0,0,0,0,NA,NA,0,0,0,0,0,0,0,0,0,0,0,0,0,0,0,0,0,0,0,0,0,0,0,0,0,0,0,0,0,0,0,0,0,0,0,0,"Week 1","blue"
"30/06/2015","8:46:45 AM","glass",5,"0-20m",153.09442384,-25.60076884,"Upslope",0.01,0,1,0,1,0,0,0,1,0.2,0,0,0,0,0,0,0.2,0,0,0,0,0,0,0,0,0,0,0,0,0,0,0,0,0,0,0,0,0,0,0,0,0,0,"Week 1","blue"
"30/06/2015","8:48:17 AM","glass",10,"0-20m",153.0943724,-25.6007755,"Trough",0.1,1,2,1,3,0.333333333333333,0.333333333333333,0,1,0.3,0,0,0,0,0,0,0.3,0,0,0,0,0,0,0,0,0,0,0,0,0,0,0,0,0,0,0,0,0,0,0,0,0,0,"Week 1","blue"
"30/06/2015","8:50:04 AM","glass",15,"0-20m",153.09434172,-25.60074651,"Trough",0.15,0,0,0,0,NA,NA,0,1,0.05,0,0,0,0,0,0,0.05,0,0,0,0,0,0,0,0,0,0,0,0,0,0,0,0,0,0,0,0,0,0,0,0,0,0,"Week 1","blue"
"30/06/2015","8:51:17 AM","glass",20,"0-20m",153.09429644,-25.60074608,"Upslope",0.03,0,0,0,0,NA,NA,0,1,0.04,0,0,0,0,0,0,0.04,0,0,0,0,0,0,0,0,0,0,0,0,0,0,0,0,0,0,0,0,0,0,0,0,0,0,"Week 1","blue"
"30/06/2015","8:52:18 AM","glass",25,"20-40m",153.09425355,-25.60067238,"Upslope",0.12,0,0,0,0,NA,NA,0,2,0.15,0.1,0,0,0,0,0,0.05,0,0,0,0,0,0,0,0,0,0,0,0,0,0,0,0,0,0,0,0,0,0,0,0,0,0,"Week 1","blue"
"30/06/2015","8:56:37 AM","glass",30,"20-40m",153.09422483,-25.60069645,"Upslope",0.5,2,2,3,4,0.5,0.75,0,2,0.22,0,0,0,0,0,0,0.2,0,0,0,0,0,0,0,0,0,0,0,0,0,0.02,0,0,0,0,0,0,0,0,0,0,0,0,"Week 1","blue"
"30/06/2015","9:02:37 AM","glass",35,"20-40m",153.09416092,-25.60068858,"Crest",1,0,0,0,0,NA,NA,1,1,0.2,0,0,0,0,0,0,0,0.2,0,0,0,0,0,0,0,0,0,0,0,0,0,0,0,0,0,0,0,0,0,1,0,0,0,"Week 1","blue"
"30/06/2015","9:05:46 AM","glass",40,"20-40m",153.09410763,-25.6006618,"Downslope",0.5,2,4,1,6,0.333333333333333,0.166666666666667,1,2,0.6,0,0,0,0,0,0,0,0.1,0,0,0,0,0,0,0,0,0,0,0,0.5,0,0,0,0,0,0,0,0,0,1,0,0,0,"Week 1","blue"
"30/06/2015","9:08:50 AM","glass",45,"40-60m",153.09404953,-25.60065121,"Upslope",0.5,0,5,1,5,0,0.2,0,4,0.46,0.01,0,0,0,0,0,0.1,0.05,0,0,0,0,0,0,0,0,0,0,0,0.3,0,0,0,0,0,0,0,0,0,0,0,0,0,"Week 1","blue"
"30/06/2015","9:13:01 AM","glass",50,"40-60m",153.09402224,-25.60062869,"Upslope",0.7,2,1,2,3,0.666666666666667,0.666666666666667,1,2,0.31,0,0,0,0,0,0,0.3,0,0,0,0,0,0,0,0,0,0,0,0,0.01,0,0,0,0,0,0,0,0,0,1,0,0,0,"Week 1","blue"
"30/06/2015","9:16:05 AM","glass",55,"40-60m",153.09396702,-25.60059551,"Crest",0.8,1,0,1,1,1,1,1,2,0.25,0.05,0,0,0,0,0,0,0.2,0,0,0,0,0,0,0,0,0,0,0,0,0,0,0,0,0,0,0,0,1,0,0,0,0,"Week 1","blue"
"30/06/2015","9:20:30 AM","glass",60,"40-60m",153.09396803,-25.60056431,"Downslope",0.05,0,0,0,0,NA,NA,1,3,0.35,0,0,0,0,0,0,0.05,0.1,0,0,0,0,0,0,0,0,0,0,0,0.2,0,0,0,0,0,0,0,0,1,0,0,0,0,"Week 1","blue"
"30/06/2015","9:22:23 AM","glass",65,"60-80m",153.09390521,-25.60056458,"Trough",0.05,0,4,1,4,0,0.25,1,2,0.7,0,0,0,0,0,0,0,0.1,0,0,0,0,0,0,0,0,0,0,0,0.6,0,0,0,0,0,0,0,0,1,0,0,0,0,"Week 1","blue"
"30/06/2015","9:25:11 AM","glass",70,"60-80m",NA,NA,"Trough",0.2,0,0,0,0,NA,NA,1,3,0.5,0,0,0,0,0,0.25,0,0,0,0,0,0,0.1,0,0,0,0,0,0,0.15,0,0,0,0,0,0,0,0,1,0,0,0,0,"Week 1","blue"
"30/06/2015","9:27:04 AM","glass",75,"60-80m",153.09386854,-25.60056059,"Trough",0.9,0,0,0,0,NA,NA,1,2,0.5,0,0,0,0,0,0.4,0,0,0,0,0,0,0,0,0,0,0,0,0,0.1,0,0,0,0,0,0,0,0,1,0,0,0,0,"Week 1","blue"
"30/06/2015","9:40:03 AM","muffin",60,"40-60m",153.09375495,-25.60117755,"Crest",0.5,0,0,0,0,NA,NA,0,2,0.6,0,0,0,0,0,0.4,0,0,0,0,0,0,0,0,0,0,0,0,0,0.2,0,0,0,0,0,0,0,0,0,0,0,0,0,"Week 1","blue"
"30/06/2015","9:41:06 AM","muffin",55,"40-60m",153.09377394,-25.60119934,"Crest",0.1,1,0,1,1,1,1,1,1,0.2,0,0,0,0,0,0.2,0,0,0,0,0,0,0,0,0,0,0,0,0,0,0,0,0,0,0,0,0,0,0,1,0,0,0,"Week 1","blue"
"30/06/2015","9:41:55 AM","muffin",50,"40-60m",153.09382885,-25.60120369,"Downslope",1,0,0,0,0,NA,NA,1,3,0.46,0,0,0.4,0,0,0.05,0,0,0,0,0,0,0,0,0,0,0,0,0,0.01,0,0,0,0,0,0,0,0,0,1,0,0,0,"Week 1","blue"
"30/06/2015","9:42:46 AM","muffin",45,"40-60m",153.09386013,-25.60121932,"Trough",0.6,1,0,0,1,1,0,1,1,0.2,0,0,0,0,0,0.2,0,0,0,0,0,0,0,0,0,0,0,0,0,0,0,0,0,0,0,0,0,0,0,1,0,0,0,"Week 1","blue"
"30/06/2015","9:44:04 AM","muffin",40,"20-40m",153.09392919,-25.60122356,"Trough",0.6,0,1,0,1,0,0,1,2,0.3,0,0,0,0,0,0.1,0,0,0,0,0,0,0,0,0,0,0,0,0,0.2,0,0,0,0,0,0,0,0,0,1,0,0,0,"Week 1","blue"
"30/06/2015","9:45:25 AM","muffin",35,"20-40m",153.09399966,-25.60125613,"Crest",0,0,0,0,0,NA,NA,0,1,0.25,0,0,0,0,0,0,0.25,0,0,0,0,0,0,0,0,0,0,0,0,0,0,0,0,0,0,0,0,0,0,0,0,0,0,"Week 1","blue"
"30/06/2015","9:46:10 AM","speed demons",0,"0-20m",153.09419387,-25.6016555,"Upslope",0,0,0,0,0,NA,NA,0,1,0.1,0,0,0,0,0,0,0.1,0,0,0,0,0,0,0,0,0,0,0,0,0,0,0,0,0,0,0,0,0,0,0,0,0,0,"Week 1","blue"
"30/06/2015","9:46:36 AM","speed demons",5,"0-20m",153.09416091,-25.60164544,"Upslope",0,0,0,0,0,NA,NA,0,0,0,0,0,0,0,0,0,0,0,0,0,0,0,0,0,0,0,0,0,0,0,0,0,0,0,0,0,0,0,0,0,0,0,0,"Week 1","blue"
"30/06/2015","9:47:10 AM","speed demons",10,"0-20m",NA,NA,"Upslope",0,0,1,0,1,0,0,0,1,0.25,0,0,0,0,0,0,0.25,0,0,0,0,0,0,0,0,0,0,0,0,0,0,0,0,0,0,0,0,0,0,0,0,0,0,"Week 1","blue"
"30/06/2015","9:47:49 AM","speed demons",15,"0-20m",153.09408907,-25.60161895,"Upslope",0,0,2,0,2,0,0,0,1,0.4,0,0,0,0,0,0,0.4,0,0,0,0,0,0,0,0,0,0,0,0,0,0,0,0,0,0,0,0,0,0,0,0,0,0,"Week 1","blue"
"30/06/2015","9:48:31 AM","speed demons",20,"0-20m",NA,NA,"Upslope",0,3,0,0,3,1,0,0,1,0.5,0,0,0,0,0,0,0.5,0,0,0,0,0,0,0,0,0,0,0,0,0,0,0,0,0,0,0,0,0,0,0,0,0,0,"Week 1","blue"
"30/06/2015","9:49:27 AM","speed demons",25,"20-40m",153.09398824,-25.60157807,"Crest",0,1,1,0,2,0.5,0,0,1,0.2,0,0,0,0,0,0,0.2,0,0,0,0,0,0,0,0,0,0,0,0,0,0,0,0,0,0,0,0,0,0,0,0,0,0,"Week 1","blue"
"30/06/2015","9:50:23 AM","speed demons",30,"20-40m",153.09395616,-25.60154926,"Upslope",0.2,1,5,0,6,0.166666666666667,0,0,2,1,0,0,0.1,0,0,0,0.9,0,0,0,0,0,0,0,0,0,0,0,0,0,0,0,0,0,0,0,0,0,0,0,0,0,0,"Week 1","blue"
"30/06/2015","9:51:48 AM","speed demons",35,"20-40m",153.09391125,-25.60155294,"Trough",0.8,0,1,1,1,0,1,1,1,0.4,0,0,0,0,0,0,0.4,0,0,0,0,0,0,0,0,0,0,0,0,0,0,0,0,0,0,0,0,0,0,1,0,0,0,"Week 1","blue"
"30/06/2015","9:53:16 AM","speed demons",40,"20-40m",153.09386323,-25.60153395,"Upslope",1,0,0,0,0,NA,NA,1,3,1.05,0.15,0,0,0,0,0,0.2,0,0,0,0,0,0,0,0,0,0.7,0,0,0,0,0,0,0,0,0,0,0,0,1,0,0,0,"Week 1","blue"
"30/06/2015","9:50:52 AM","speedy",55,"40-60m",153.09370777,-25.60148772,"Downslope",0.5,3,2,4,5,0.6,0.8,2,2,0.45,0,0,0,0,0,0,0,0,0,0,0.15,0,0,0,0,0,0,0,0,0.3,0,0,0,1,0,0,0,0,1,0,0,0,0,"Week 1","blue"
"30/06/2015","9:55:14 AM","speedy",50,"40-60m",153.09377725,-25.601509,"Upslope",0.45,1,0,1,1,1,1,0,1,0.1,0,0,0,0,0,0,0,0,0,0,0,0,0,0,0,0,0.1,0,0,0,0,0,0,0,0,0,0,0,0,0,0,0,0,"Week 1","blue"
"30/06/2015","9:57:21 AM","speedy",45,"40-60m",153.0937922,-25.6015301,"Upslope",0.8,2,0,0,2,1,0,2,2,0.45,0,0,0,0,0,0.4,0,0,0,0,0,0,0,0,0,0,0.05,0,0,0,0,0,0,1,0,0,0,0,0,1,0,0,0,"Week 1","blue"
"27/06/2015","9:02:54 AM","hannahkat",0,"0-20m",153.09594386,-25.5961482,"Upslope",0,0,0,0,0,NA,NA,0,0,0,0,0,0,0,0,0,0,0,0,0,0,0,0,0,0,0,0,0,0,0,0,0,0,0,0,0,0,0,0,0,0,0,0,NA,"green"
"27/06/2015","9:09:35 AM","hannahkat",5,"0-20m",153.09588688,-25.5961286,"Upslope",0,0,0,0,0,NA,NA,0,1,0.09,0,0,0,0,0,0,0.09,0,0,0,0,0,0,0,0,0,0,0,0,0,0,0,0,0,0,0,0,0,0,0,0,0,0,NA,"green"
"27/06/2015","9:15:07 AM","hannahkat",10,"0-20m",153.0958444,-25.59614104,"Crest",0.005,0,0,0,0,NA,NA,0,1,0.14,0,0,0,0,0,0,0.14,0,0,0,0,0,0,0,0,0,0,0,0,0,0,0,0,0,0,0,0,0,0,0,0,0,0,NA,"green"
"27/06/2015","9:20:17 AM","hannahkat",15,"0-20m",153.09578431,-25.59612971,"Trough",0.02,3,1,1,4,0.75,0.25,0,1,0.17,0,0,0,0,0,0,0.17,0,0,0,0,0,0,0,0,0,0,0,0,0,0,0,0,0,0,0,0,0,0,0,0,0,0,NA,"green"
"27/06/2015","9:24:22 AM","hannahkat",20,"0-20m",153.09575025,-25.59610614,"Upslope",0.02,0,1,0,1,0,0,0,1,0.1,0,0,0,0,0,0,0.1,0,0,0,0,0,0,0,0,0,0,0,0,0,0,0,0,0,0,0,0,0,0,0,0,0,0,NA,"green"
"27/06/2015","9:29:45 AM","hannahkat",25,"20-40m",153.09571894,-25.59608085,"Upslope",0.03,0,0,0,0,NA,NA,0,2,0.13,0.03,0,0,0,0,0,0.1,0,0,0,0,0,0,0,0,0,0,0,0,0,0,0,0,0,0,0,0,0,0,0,0,0,0,NA,"green"
"27/06/2015","9:33:29 AM","hannahkat",30,"20-40m",153.09564908,-25.59611508,"Crest",0.35,1,1,1,2,0.5,0.5,0,2,0.1,0,0,0.01,0,0,0,0.09,0,0,0,0,0,0,0,0,0,0,0,0,0,0,0,0,0,0,0,0,0,0,0,0,0,0,NA,"green"
"27/06/2015","9:37:08 AM","hannahkat",35,"20-40m",153.09560336,-25.59608924,"Downslope",0.18,0,1,0,1,0,0,0,2,0.22,0.15,0,0,0,0,0,0.07,0,0,0,0,0,0,0,0,0,0,0,0,0,0,0,0,0,0,0,0,0,0,0,0,0,0,NA,"green"
"27/06/2015","9:45:21 AM","hannahkat",40,"20-40m",153.09555246,-25.59611114,"Upslope",0.87,1,1,1,2,0.5,0.5,0,3,0.2,0.02,0,0,0,0,0.16,0.02,0,0,0,0,0,0,0,0,0,0,0,0,0,0,0,0,0,0,0,0,0,0,0,0,0,0,NA,"green"
"27/06/2015","9:50:55 AM","hannahkat",45,"40-60m",153.09550245,-25.59611307,"Crest",0.58,0,1,0,1,0,0,0,2,0.35,0,0,0,0,0,0.27,0,0,0.08,0,0,0,0,0,0,0,0,0,0,0,0,0,0,0,0,0,0,0,0,0,0,0,0,NA,"green"
"27/06/2015","9:54:52 AM","hannahkat",50,"40-60m",153.09546727,-25.59607642,"Downslope",0.55,0,2,0,2,0,0,0,1,0.2,0,0,0,0,0,0.2,0,0,0,0,0,0,0,0,0,0,0,0,0,0,0,0,0,0,0,0,0,0,0,0,0,0,0,NA,"green"
"27/06/2015","10:01:24 AM","hannahkat",55,"40-60m",153.09541887,-25.59610871,"Downslope",0.19,0,0,0,0,NA,NA,0,3,1.07,0,0,0,0,0,0.96,0,0.03,0.08,0,0,0,0,0,0,0,0,0,0,0,0,0,0,0,0,0,0,0,0,0,0,0,0,NA,"green"
"27/06/2015","10:05:27 AM","hannahkat",60,"40-60m",153.09537578,-25.59606648,"Trough",0.21,0,0,0,0,NA,NA,0,3,0.55,0,0,0,0,0,0.4,0,0.03,0.12,0,0,0,0,0,0,0,0,0,0,0,0,0,0,0,0,0,0,0,0,0,0,0,0,NA,"green"
"27/06/2015","10:13:17 AM","hannahkat",65,"60-80m",153.09532422,-25.59603303,"Trough",0.56,1,0,1,1,1,1,1,2,0.27,0,0,0,0,0,0.09,0,0.18,0,0,0,0,0,0,0,0,0,0,0,0,0,0,0,1,0,0,0,0,0,0,0,0,0,NA,"green"
"27/06/2015","10:17:12 AM","hannahkat",70,"60-80m",153.09528772,-25.59603121,"Upslope",0.16,1,0,1,1,1,1,0,4,0.65,0.08,0,0,0,0,0,0,0.11,0,0,0,0,0.15,0,0,0,0,0,0,0.31,0,0,0,0,0,0,0,0,0,0,0,0,0,NA,"green"
"27/06/2015","9:03:14 AM","Sunshine",0,"0-20m",NA,NA,"",0.01,NA,NA,NA,NA,NA,NA,0,0,0,0,0,0,0,0,0,0,0,0,0,0,0,0,0,0,0,0,0,0,0,0,0,0,0,0,0,0,0,0,0,0,0,0,NA,"green"
"27/06/2015","9:05:19 AM","Sunshine",0,"0-20m",153.09579987,-25.59652354,"Upslope",0.01,0,0,NA,0,NA,NA,0,0,0,0,0,0,0,0,0,0,0,0,0,0,0,0,0,0,0,0,0,0,0,0,0,0,0,0,0,0,0,0,0,0,0,0,NA,"green"
"27/06/2015","9:08:18 AM","Sunshine",5,"0-20m",NA,NA,"Upslope",0,0,0,0,0,NA,NA,0,1,0.3,0,0,0,0,0,0,0.3,0,0,0,0,0,0,0,0,0,0,0,0,0,0,0,0,0,0,0,0,0,0,0,0,0,0,NA,"green"
"27/06/2015","9:12:46 AM","Sunshine",10,"0-20m",153.09574474,-25.59648694,"Crest",0,0,0,NA,0,NA,NA,0,1,0.1,0,0,0,0,0,0,0.1,0,0,0,0,0,0,0,0,0,0,0,0,0,0,0,0,0,0,0,0,0,0,0,0,0,0,NA,"green"
"27/06/2015","9:15:08 AM","Sunshine",15,"0-20m",153.09566323,-25.59648276,"Upslope",0.02,1,0,0,1,1,0,0,1,0.4,0,0,0,0,0,0,0.4,0,0,0,0,0,0,0,0,0,0,0,0,0,0,0,0,0,0,0,0,0,0,0,0,0,0,NA,"green"
"27/06/2015","9:21:48 AM","Sunshine",20,"0-20m",153.09561199,-25.5964728,"Upslope",0.05,2,0,0,2,1,0,0,2,0.33,0.03,0,0,0,0,0,0.3,0,0,0,0,0,0,0,0,0,0,0,0,0,0,0,0,0,0,0,0,0,0,0,0,0,0,NA,"green"
"27/06/2015","9:24:27 AM","Sunshine",25,"20-40m",153.09557814,-25.59647048,"Upslope",0.02,1,6,2,7,0.142857142857143,0.285714285714286,0,2,0.39,0.09,0,0,0,0,0,0.3,0,0,0,0,0,0,0,0,0,0,0,0,0,0,0,0,0,0,0,0,0,0,0,0,0,0,NA,"green"
"27/06/2015","9:28:59 AM","Sunshine",30,"20-40m",153.09557547,-25.5964706,"Trough",1,0,0,0,0,NA,NA,1,1,0.1,0,0,0,0,0,0.1,0,0,0,0,0,0,0,0,0,0,0,0,0,0,0,0,0,0,0,0,0,0,0,1,0,0,0,NA,"green"
"27/06/2015","9:32:27 AM","Sunshine",35,"20-40m",153.09549058,-25.59646459,"Upslope",0.05,0,0,0,0,NA,NA,0,3,1,0.05,0,0,0,0,0.7,0,0,0,0,0,0,0,0,0,0,0,0,0,0.25,0,0,0,0,0,0,0,0,0,0,0,0,0,NA,"green"
"27/06/2015","9:39:47 AM","Sunshine",40,"20-40m",153.0954334,-25.59650286,"Upslope",0.15,0,0,0,0,NA,NA,1,2,0.32,0,0,0,0,0,0.3,0.02,0,0,0,0,0,0,0,0,0,0,0,0,0,0,0,0,1,0,0,0,0,0,0,0,0,0,NA,"green"
"27/06/2015","9:43:46 AM","Sunshine",45,"40-60m",NA,NA,"Downslope",0.8,0,1,0,1,0,0,0,2,0.11,0,0,0,0,0,0.1,0,0,0.01,0,0,0,0,0,0,0,0,0,0,0,0,0,0,0,0,0,0,0,0,0,0,0,0,NA,"green"
"27/06/2015","9:47:12 AM","Sunshine",50,"40-60m",153.09535269,-25.5964651,"Downslope",0.75,0,0,0,0,NA,NA,2,3,0.47,0,0,0,0,0,0.25,0,0,0.2,0,0,0,0,0,0.02,0,0,0,0,0,0,0,0,2,0,0,0,0,0,0,0,0,0,NA,"green"
"27/06/2015","9:51:23 AM","Sunshine",55,"40-60m",153.09528437,-25.59646816,"Trough",0.3,0,0,0,0,NA,NA,0,2,0.35,0,0,0,0,0,0.1,0,0,0.25,0,0,0,0,0,0,0,0,0,0,0,0,0,0,0,0,0,0,0,0,0,0,0,0,NA,"green"
"27/06/2015","9:53:44 AM","Sunshine",60,"40-60m",153.09521917,-25.59647648,"Trough",0.5,0,0,0,0,NA,NA,1,2,0.45,0,0,0,0,0,0.05,0,0,0.4,0,0,0,0,0,0,0,0,0,0,0,0,0,0,0,0,0,0,0,0,1,0,0,0,NA,"green"
"27/06/2015","9:56:53 AM","Sunshine",65,"60-80m",153.09518758,-25.59643729,"Trough",0.15,0,0,0,0,NA,NA,1,2,0.6,0,0,0,0,0,0.5,0,0,0.1,0,0,0,0,0,0,0,0,0,0,0,0,0,0,0,0,0,0,0,0,1,0,0,0,NA,"green"
"27/06/2015","9:59:08 AM","Sunshine",70,"60-80m",153.09513355,-25.59644274,"Trough",0.4,0,0,0,0,NA,NA,2,4,0.42,0,0,0,0,0,0.3,0,0,0.02,0,0,0,0,0,0,0,0,0,0,0.05,0,0.05,0,1,0,0,0,0,0,1,0,0,0,NA,"green"
"27/06/2015","10:05:28 AM","Sunshine",75,"60-80m",153.09509232,-25.59642127,"Upslope",1,0,0,0,0,NA,NA,1,3,0.84,0,0,0,0,0,0,0,0,0.03,0,0,0,0,0,0,0,0,0,0,0.8,0,0.01,0,1,0,0,0,0,0,0,0,0,0,NA,"green"
"27/06/2015","10:11:58 AM","Sunshine",80,"60-80m",153.09502728,-25.59641289,"Upslope",1,1,0,1,1,1,1,1,3,0.11,0,0,0,0,0,0,0,0.03,0,0,0,0.03,0.05,0,0,0,0,0,0,0,0,0,0,1,0,0,0,0,0,0,0,0,0,NA,"green"
"27/06/2015","9:02:32 AM","tanisha",0,"0-20m",153.09586991,-25.59650098,"Upslope",0,0,0,0,0,NA,NA,0,0,0,0,0,0,0,0,0,0,0,0,0,0,0,0,0,0,0,0,0,0,0,0,0,0,0,0,0,0,0,0,0,0,0,0,NA,"green"
"27/06/2015","9:05:11 AM","tanisha",5,"0-20m",153.09572542,-25.59647276,"Upslope",0,0,0,0,0,NA,NA,0,1,0.7,0,0,0,0,0,0,0.7,0,0,0,0,0,0,0,0,0,0,0,0,0,0,0,0,0,0,0,0,0,0,0,0,0,0,NA,"green"
"27/06/2015","9:08:18 AM","tanisha",10,"0-20m",153.09575476,-25.59642134,"Downslope",0,0,0,0,0,NA,NA,0,1,0.05,0,0,0,0,0,0,0.05,0,0,0,0,0,0,0,0,0,0,0,0,0,0,0,0,0,0,0,0,0,0,0,0,0,0,NA,"green"
"27/06/2015","9:13:01 AM","tanisha",15,"0-20m",153.09569998,-25.59634644,"Upslope",0.02,0,0,0,0,NA,NA,0,0,0,0,0,0,0,0,0,0,0,0,0,0,0,0,0,0,0,0,0,0,0,0,0,0,0,0,0,0,0,0,0,0,0,0,NA,"green"
"27/06/2015","9:14:19 AM","tanisha",20,"0-20m",153.09567096,-25.59634504,"Upslope",0.05,0,0,0,0,NA,NA,0,2,0.06,0.02,0,0,0,0,0,0.04,0,0,0,0,0,0,0,0,0,0,0,0,0,0,0,0,0,0,0,0,0,0,0,0,0,0,NA,"green"
"27/06/2015","9:18:14 AM","tanisha",25,"20-40m",153.09562959,-25.5963408,"Upslope",0,0,0,0,0,NA,NA,0,2,0.71,0.01,0,0,0,0,0,0.7,0,0,0,0,0,0,0,0,0,0,0,0,0,0,0,0,0,0,0,0,0,0,0,0,0,0,NA,"green"
"27/06/2015","9:20:06 AM","tanisha",30,"20-40m",153.09558208,-25.5963171,"Crest",0,3,0,2,3,1,0.666666666666667,0,3,0.23,0,0,0,0,0,0.02,0.2,0,0,0,0,0,0,0,0,0,0,0,0,0.01,0,0,0,0,0,0,0,0,0,0,0,0,0,NA,"green"
"27/06/2015","9:29:10 AM","tanisha",35,"20-40m",153.09552392,-25.59630065,"Trough",0.2,1,1,0,2,0.5,0,0,2,0.27,0,0,0,0,0,0.25,0.02,0,0,0,0,0,0,0,0,0,0,0,0,0,0,0,0,0,0,0,0,0,0,0,0,0,0,NA,"green"
"27/06/2015","9:32:35 AM","tanisha",40,"20-40m",153.09547999,-25.59628825,"Upslope",0.55,0,3,0,3,0,0,0,1,0.08,0,0,0,0,0,0.08,0,0,0,0,0,0,0,0,0,0,0,0,0,0,0,0,0,0,0,0,0,0,0,0,0,0,0,NA,"green"
"27/06/2015","9:38:05 AM","tanisha",45,"40-60m",153.0954166,-25.59627296,"Crest",0.2,0,2,0,2,0,0,0,2,0.1,0,0,0,0,0,0.05,0.05,0,0,0,0,0,0,0,0,0,0,0,0,0,0,0,0,0,0,0,0,0,0,0,0,0,0,NA,"green"
"27/06/2015","9:42:04 AM","tanisha",50,"40-60m",153.09535547,-25.59623548,"Downslope",0.2,0,1,0,1,0,0,0,2,0.25,0.2,0,0,0,0,0,0,0,0.05,0,0,0,0,0,0,0,0,0,0,0,0,0,0,0,0,0,0,0,0,0,0,0,0,NA,"green"
"27/06/2015","9:49:43 AM","tanisha",55,"40-60m",153.09534575,-25.59623066,"Trough",0.1,0,0,0,0,NA,NA,1,2,0.78,0,0,0,0,0,0.75,0,0,0.03,0,0,0,0,0,0,0,0,0,0,0,0,0,0,0,0,0,0,0,0,1,0,0,0,NA,"green"
"27/06/2015","9:53:54 AM","tanisha",60,"40-60m",153.09528478,-25.59624013,"Trough",0.1,0,0,0,0,NA,NA,0,2,0.95,0,0,0,0,0,0.85,0,0,0.1,0,0,0,0,0,0,0,0,0,0,0,0,0,0,0,0,0,0,0,0,0,0,0,0,NA,"green"
"27/06/2015","9:59:29 AM","tanisha",65,"60-80m",153.09524823,-25.59624867,"Trough",0.4,0,0,0,0,NA,NA,2,2,0.59,0,0,0,0,0,0.5,0,0,0.09,0,0,0,0,0,0,0,0,0,0,0,0,0,0,1,0,0,0,0,0,1,0,0,0,NA,"green"
"27/06/2015","10:00:56 AM","tanisha",70,"60-80m",153.09520158,-25.59622972,"Trough",0.4,0,0,0,0,NA,NA,1,2,0.31,0,0,0,0,0,0.25,0,0,0.06,0,0,0,0,0,0,0,0,0,0,0,0,0,0,0,0,0,0,0,0,1,0,0,0,NA,"green"
"27/06/2015","10:07:30 AM","tanisha",75,"60-80m",153.09515325,-25.59622447,"Trough",0.15,2,0,2,2,1,1,1,4,0.41,0,0,0,0,0,0.3,0,0,0.08,0.02,0,0,0,0,0,0,0,0,0,0,0,0.01,0,1,0,0,0,0,0,0,0,0,0,NA,"green"
"27/06/2015","10:18:12 AM","tanisha",80,"60-80m",NA,NA,"Upslope",0.2,NA,NA,NA,NA,NA,NA,2,5,0.28,0,0,0,0,0,0.04,0,0,0.08,0,0,0.05,0.1,0,0,0,0,0,0,0,0,0.01,0,1,0,0,0,0,0,1,0,0,0,NA,"green"
"27/06/2015","9:05:29 AM","The Green Gang",0,"0-20m",153.09586393,-25.59629202,"Upslope",0.01,0,0,0,0,NA,NA,0,0,0,0,0,0,0,0,0,0,0,0,0,0,0,0,0,0,0,0,0,0,0,0,0,0,0,0,0,0,0,0,0,0,0,0,NA,"green"
"27/06/2015","9:11:54 AM","The Green Gang",5,"0-20m",153.09576342,-25.59630815,"Upslope",0,0,1,0,1,0,0,0,1,0.3,0,0,0,0,0,0,0.3,0,0,0,0,0,0,0,0,0,0,0,0,0,0,0,0,0,0,0,0,0,0,0,0,0,0,NA,"green"
"27/06/2015","9:16:59 AM","The Green Gang",10,"0-20m",153.09579999,-25.59629557,"Trough",0.05,2,0,2,2,1,1,0,1,0.4,0,0,0,0,0,0,0.4,0,0,0,0,0,0,0,0,0,0,0,0,0,0,0,0,0,0,0,0,0,0,0,0,0,0,NA,"green"
"27/06/2015","9:20:04 AM","The Green Gang",15,"0-20m",153.09573305,-25.59622177,"Upslope",0,1,1,0,2,0.5,0,0,1,0.15,0,0,0,0,0,0,0.15,0,0,0,0,0,0,0,0,0,0,0,0,0,0,0,0,0,0,0,0,0,0,0,0,0,0,NA,"green"
"27/06/2015","9:23:45 AM","The Green Gang",20,"0-20m",153.09572777,-25.5962406,"Upslope",0,1,0,0,1,1,0,0,2,0.45,0.05,0,0,0,0,0,0.4,0,0,0,0,0,0,0,0,0,0,0,0,0,0,0,0,0,0,0,0,0,0,0,0,0,0,NA,"green"
"27/06/2015","9:28:04 AM","The Green Gang",25,"20-40m",153.09564746,-25.59622363,"Upslope",0.05,1,9,0,10,0.1,0,0,2,0.5,0.1,0,0,0,0,0,0.4,0,0,0,0,0,0,0,0,0,0,0,0,0,0,0,0,0,0,0,0,0,0,0,0,0,0,NA,"green"
"27/06/2015","9:33:32 AM","The Green Gang",30,"20-40m",153.09561883,-25.59622736,"Crest",0.05,1,7,1,8,0.125,0.125,0,3,0.85,0.2,0,0,0,0,0.05,0.6,0,0,0,0,0,0,0,0,0,0,0,0,0,0,0,0,0,0,0,0,0,0,0,0,0,0,NA,"green"
"27/06/2015","9:41:14 AM","The Green Gang",35,"20-40m",153.09558037,-25.5962111,"Upslope",0.9,0,0,0,0,NA,NA,0,1,0.3,0,0,0,0,0,0.3,0,0,0,0,0,0,0,0,0,0,0,0,0,0,0,0,0,0,0,0,0,0,0,0,0,0,0,NA,"green"
"27/06/2015","9:43:53 AM","The Green Gang",40,"20-40m",NA,NA,"Upslope",0.2,0,0,0,0,NA,NA,0,3,1.1,0.2,0,0,0,0,0.8,0,0,0.1,0,0,0,0,0,0,0,0,0,0,0,0,0,0,0,0,0,0,0,0,0,0,0,0,NA,"green"
"27/06/2015","9:46:18 AM","The Green Gang",45,"40-60m",153.0954757,-25.59625575,"Crest",0.6,1,0,1,1,1,1,1,1,0.95,0,0,0,0,0,0.95,0,0,0,0,0,0,0,0,0,0,0,0,0,0,0,0,0,0,0,0,0,0,0,1,0,0,0,NA,"green"
"27/06/2015","9:49:36 AM","The Green Gang",50,"40-60m",153.09541582,-25.59626195,"Downslope",0.8,2,0,0,2,1,0,0,1,0.8,0,0,0,0,0,0.8,0,0,0,0,0,0,0,0,0,0,0,0,0,0,0,0,0,0,0,0,0,0,0,0,0,0,0,NA,"green"
"27/06/2015","9:53:05 AM","The Green Gang",55,"40-60m",153.09537225,-25.5962258,"Trough",0.9,1,0,1,1,1,1,0,2,0.95,0,0,0,0,0,0.75,0,0,0.2,0,0,0,0,0,0,0,0,0,0,0,0,0,0,0,0,0,0,0,0,0,0,0,0,NA,"green"
"27/06/2015","9:55:26 AM","The Green Gang",60,"40-60m",153.09531539,-25.59618603,"Trough",0.6,1,0,1,1,1,1,0,1,0.6,0,0,0,0,0,0.6,0,0,0,0,0,0,0,0,0,0,0,0,0,0,0,0,0,0,0,0,0,0,0,0,0,0,0,NA,"green"
"27/06/2015","10:00:14 AM","The Green Gang",65,"60-80m",153.09526025,-25.59617924,"Trough",0.8,0,0,0,0,NA,NA,0,1,0.6,0,0,0,0,0,0.6,0,0,0,0,0,0,0,0,0,0,0,0,0,0,0,0,0,0,0,0,0,0,0,0,0,0,0,NA,"green"
"27/06/2015","10:02:34 AM","The Green Gang",70,"60-80m",153.09520274,-25.59611935,"Trough",0.95,0,0,0,0,NA,NA,0,2,0.95,0,0,0,0,0,0.15,0,0,0,0,0,0,0,0,0,0,0,0,0,0.8,0,0,0,0,0,0,0,0,0,0,0,0,0,NA,"green"
"27/06/2015","10:09:03 AM","The Green Gang",75,"60-80m",153.0951656,-25.59613521,"Trough",0.9,1,0,1,1,1,1,0,4,0.9,0,0,0,0,0,0.2,0,0,0.2,0,0,0,0.4,0,0,0,0,0,0,0,0,0.1,0,0,0,0,0,0,0,0,0,0,0,NA,"green"
"27/06/2015","10:12:17 AM","The Green Gang",80,"60-80m",153.09513826,-25.59609218,"Upslope",0.9,1,0,1,1,1,1,0,4,0.9,0,0,0,0,0,0.2,0,0,0.05,0,0,0,0.6,0,0,0,0,0,0,0,0,0.05,0,0,0,0,0,0,0,0,0,0,0,NA,"green"
"27/06/2015","10:15:47 AM","The Green Gang",85,"80m-100m",153.09506192,-25.59612615,"Upslope",0.95,0,1,1,1,0,1,0,4,0.5,0,0,0,0,0,0.2,0,0,0,0,0,0.1,0.15,0,0,0,0,0,0,0,0,0.05,0,0,0,0,0,0,0,0,0,0,0,NA,"green"
"28/06/2015","9:06:27 AM","crabpeople",0,"0-20m",153.095299,-25.598107,"Upslope",0,0,0,0,0,NA,NA,0,0,0,0,0,0,0,0,0,0,0,0,0,0,0,0,0,0,0,0,0,0,0,0,0,0,0,0,0,0,0,0,0,0,0,0,"Week 1","red"
"28/06/2015","9:08:27 AM","crabpeople",5,"0-20m",153.0952788,-25.59805546,"Upslope",0,0,0,0,0,NA,NA,0,1,0.1,0,0,0,0,0,0,0.1,0,0,0,0,0,0,0,0,0,0,0,0,0,0,0,0,0,0,0,0,0,0,0,0,0,0,"Week 1","red"
"28/06/2015","9:10:05 AM","crabpeople",10,"0-20m",153.0952497,-25.5980573,"Upslope",0,0,0,0,0,NA,NA,0,1,0.15,0,0,0,0,0,0,0.15,0,0,0,0,0,0,0,0,0,0,0,0,0,0,0,0,0,0,0,0,0,0,0,0,0,0,"Week 1","red"
"28/06/2015","9:11:10 AM","crabpeople",15,"0-20m",153.095181,-25.59802863,"Upslope",0,0,0,0,0,NA,NA,0,1,0.2,0,0,0,0,0,0,0.2,0,0,0,0,0,0,0,0,0,0,0,0,0,0,0,0,0,0,0,0,0,0,0,0,0,0,"Week 1","red"
"28/06/2015","9:12:10 AM","crabpeople",20,"0-20m",153.0951388,-25.59803039,"Upslope",0,0,0,0,0,NA,NA,0,1,0.25,0,0,0,0,0,0,0.25,0,0,0,0,0,0,0,0,0,0,0,0,0,0,0,0,0,0,0,0,0,0,0,0,0,0,"Week 1","red"
"28/06/2015","9:13:47 AM","crabpeople",25,"20-40m",153.0950636,-25.59800055,"Crest",0.7,0,3,0,3,0,0,2,0,0,0,0,0,0,0,0,0,0,0,0,0,0,0,0,0,0,0,0,0,0,0,0,0,0,0,0,0,0,0,2,0,0,0,"Week 1","red"
"28/06/2015","9:16:23 AM","crabpeople",30,"20-40m",153.0950353,-25.59800425,"Downslope",0.05,3,5,0,8,0.375,0,0,1,0.15,0,0,0,0,0,0,0.15,0,0,0,0,0,0,0,0,0,0,0,0,0,0,0,0,0,0,0,0,0,0,0,0,0,0,"Week 1","red"
"28/06/2015","9:19:53 AM","crabpeople",35,"20-40m",153.0949666,-25.59799196,"Upslope",0.95,0,0,0,0,NA,NA,0,2,0.1,0,0,0,0,0,0,0.05,0.05,0,0,0,0,0,0,0,0,0,0,0,0,0,0,0,0,0,0,0,0,0,0,0,0,0,"Week 1","red"
"28/06/2015","9:25:35 AM","crabpeople",40,"20-40m",153.0949502,-25.59795791,"Crest",0.55,0,2,1,2,0,0.5,1,3,0.43,0,0,0,0,0,0,0.08,0.05,0,0,0,0,0,0,0,0,0,0,0,0.3,0,0,0,0,0,0,0,0,0,1,0,0,0,"Week 1","red"
"28/06/2015","9:30:27 AM","crabpeople",45,"40-60m",153.0948534,-25.59799078,"Crest",0.5,1,3,0,4,0.25,0,0,1,0.15,0,0,0,0,0,0.15,0,0,0,0,0,0,0,0,0,0,0,0,0,0,0,0,0,0,0,0,0,0,0,0,0,0,0,"Week 1","red"
"28/06/2015","9:33:06 AM","crabpeople",50,"40-60m",153.0948458,-25.59799406,"Crest",0.55,1,2,0,3,0.333333333333333,0,1,2,0.4,0.1,0,0,0,0,0.3,0,0,0,0,0,0,0,0,0,0,0,0,0,0,0,0,0,0,0,0,0,0,0,1,0,0,0,"Week 1","red"
"28/06/2015","9:37:47 AM","crabpeople",55,"40-60m",153.0947489,-25.59798008,"Downslope",0.2,0,4,0,4,0,0,0,2,0.18,0,0,0,0,0,0.15,0,0,0.03,0,0,0,0,0,0,0,0,0,0,0,0,0,0,0,0,0,0,0,0,0,0,0,0,"Week 1","red"
"28/06/2015","9:44:59 AM","crabpeople",60,"40-60m",153.0947236,-25.59797298,"Trough",0.05,0,0,0,0,NA,NA,1,2,0.3,0,0,0,0,0,0.2,0,0,0.1,0,0,0,0,0,0,0,0,0,0,0,0,0,0,1,0,0,0,0,0,0,0,0,0,"Week 1","red"
"28/06/2015","9:56:51 AM","crabpeople",65,"60-80m",153.0946855,-25.59798903,"Trough",0.2,0,1,0,1,0,0,1,1,0.4,0,0,0,0,0,0,0,0,0.4,0,0,0,0,0,0,0,0,0,0,0,0,0,0,0,0,0,0,0,0,1,0,0,0,"Week 1","red"
"28/06/2015","9:59:02 AM","crabpeople",70,"60-80m",153.0946145,-25.59797158,"Trough",0,0,0,0,0,NA,NA,1,3,0.3,0,0,0,0,0,0.1,0,0,0.05,0,0,0,0,0,0,0,0,0,0,0.15,0,0,0,0,0,0,0,0,0,1,0,0,0,"Week 1","red"
"28/06/2015","10:02:53 AM","crabpeople",75,"60-80m",153.0945798,-25.59795808,"Trough",0,1,0,1,1,1,1,1,1,0.1,0,0,0,0,0,0.1,0,0,0,0,0,0,0,0,0,0,0,0,0,0,0,0,0,1,0,0,0,0,0,0,0,0,0,"Week 1","red"
"28/06/2015","10:03:19 AM","crabpeople",80,"60-80m",153.0945222,-25.59799417,"Upslope",0.9,0,0,0,0,NA,NA,1,2,0.34,0.04,0,0,0,0,0.3,0,0,0,0,0,0,0,0,0,0,0,0,0,0,0,0,0,0,0,0,0,0,0,1,0,0,0,"Week 1","red"
"28/06/2015","8:58:33 AM","cuddlefish",0,"0-20m",153.0954059,-25.5978986,"Trough",0,0,0,0,0,NA,NA,0,0,0,0,0,0,0,0,0,0,0,0,0,0,0,0,0,0,0,0,0,0,0,0,0,0,0,0,0,0,0,0,0,0,0,0,"Week 1","red"
"28/06/2015","9:00:38 AM","cuddlefish",5,"0-20m",153.095359,-25.5978632,"Trough",0.02,0,0,0,0,NA,NA,0,0,0,0,0,0,0,0,0,0,0,0,0,0,0,0,0,0,0,0,0,0,0,0,0,0,0,0,0,0,0,0,0,0,0,0,"Week 1","red"
"28/06/2015","9:01:31 AM","cuddlefish",10,"0-20m",153.0952662,-25.5978482,"Trough",0,0,0,0,0,NA,NA,0,0,0,0,0,0,0,0,0,0,0,0,0,0,0,0,0,0,0,0,0,0,0,0,0,0,0,0,0,0,0,0,0,0,0,0,"Week 1","red"
"28/06/2015","9:02:22 AM","cuddlefish",15,"0-20m",153.0952627,-25.59783933,"Trough",0,0,1,0,1,0,0,0,0,0,0,0,0,0,0,0,0,0,0,0,0,0,0,0,0,0,0,0,0,0,0,0,0,0,0,0,0,0,0,0,0,0,0,"Week 1","red"
"28/06/2015","9:02:59 AM","cuddlefish",20,"0-20m",153.0952366,-25.59784516,"Upslope",0.05,1,4,0,5,0.2,0,0,1,0.25,0,0,0,0,0,0,0,0.25,0,0,0,0,0,0,0,0,0,0,0,0,0,0,0,0,0,0,0,0,0,0,0,0,0,"Week 1","red"
"28/06/2015","9:04:40 AM","cuddlefish",25,"20-40m",153.095121,-25.59782885,"Crest",0.1,0,3,1,3,0,0.333333333333333,0,1,0.4,0,0,0,0,0,0,0,0.4,0,0,0,0,0,0,0,0,0,0,0,0,0,0,0,0,0,0,0,0,0,0,0,0,0,"Week 1","red"
"28/06/2015","9:06:04 AM","cuddlefish",30,"20-40m",153.095068,-25.59781651,"Trough",0.04,1,2,0,3,0.333333333333333,0,0,2,0.45,0,0,0,0,0,0,0,0.4,0,0.05,0,0,0,0,0,0,0,0,0,0,0,0,0,0,0,0,0,0,0,0,0,0,0,"Week 1","red"
"28/06/2015","9:08:50 AM","cuddlefish",35,"20-40m",153.0950292,-25.59779649,"Crest",0.75,1,0,0,1,1,0,0,1,0.2,0,0,0,0,0,0,0,0.2,0,0,0,0,0,0,0,0,0,0,0,0,0,0,0,0,0,0,0,0,0,0,0,0,0,"Week 1","red"
"28/06/2015","9:13:41 AM","cuddlefish",40,"20-40m",153.0950087,-25.5977824,"Crest",0.8,0,1,1,1,0,1,0,1,0.1,0,0,0,0,0,0,0,0.1,0,0,0,0,0,0,0,0,0,0,0,0,0,0,0,0,0,0,0,0,0,0,0,0,0,"Week 1","red"
"28/06/2015","9:16:32 AM","cuddlefish",45,"40-60m",153.0950019,-25.59777965,"Crest",0.55,1,2,1,3,0.333333333333333,0.333333333333333,0,1,0.3,0,0,0,0,0,0,0,0,0,0,0,0,0,0,0,0,0,0,0,0.3,0,0,0,0,0,0,0,0,0,0,0,0,0,"Week 1","red"
"28/06/2015","9:18:34 AM","cuddlefish",50,"40-60m",153.0949106,-25.59777952,"Crest",0.7,0,1,0,1,0,0,0,1,0.15,0,0,0,0,0,0,0,0.15,0,0,0,0,0,0,0,0,0,0,0,0,0,0,0,0,0,0,0,0,0,0,0,0,0,"Week 1","red"
"28/06/2015","9:20:31 AM","cuddlefish",55,"40-60m",153.0948558,-25.59774526,"Trough",0.05,0,0,0,0,NA,NA,0,2,0.95,0,0,0,0,0,0.15,0,0,0,0,0,0,0,0,0,0,0,0,0,0.8,0,0,0,0,0,0,0,0,0,0,0,0,0,"Week 1","red"
"28/06/2015","9:25:33 AM","cuddlefish",60,"40-60m",153.0948238,-25.59776406,"Trough",0.65,0,2,1,2,0,0.5,0,2,0.25,0,0.2,0,0,0,0,0,0,0,0,0,0,0,0,0,0,0,0,0,0.05,0,0,0,0,0,0,0,0,0,0,0,0,0,"Week 1","red"
"28/06/2015","9:30:13 AM","cuddlefish",65,"60-80m",153.0947124,-25.59771155,"Trough",0.9,1,0,1,1,1,1,0,1,0.05,0,0,0,0,0,0.05,0,0,0,0,0,0,0,0,0,0,0,0,0,0,0,0,0,0,0,0,0,0,0,0,0,0,0,"Week 1","red"
"28/06/2015","9:31:53 AM","cuddlefish",70,"60-80m",153.0946616,-25.59775025,"Trough",0.1,0,1,1,1,0,1,0,2,0.6,0,0,0,0,0,0,0,0.5,0,0,0,0,0,0,0,0,0,0,0,0.1,0,0,0,0,0,0,0,0,0,0,0,0,0,"Week 1","red"
"28/06/2015","9:34:36 AM","cuddlefish",75,"60-80m",153.0946166,-25.5977443,"Upslope",0.55,0,2,1,2,0,0.5,0,2,0.45,0,0,0,0,0,0,0,0.05,0,0,0,0,0,0,0,0,0,0,0,0.4,0,0,0,0,0,0,0,0,0,0,0,0,0,"Week 1","red"
"28/06/2015","9:36:42 AM","cuddlefish",80,"60-80m",153.0945634,-25.59775439,"Crest",0.55,0,1,1,1,0,1,2,1,0.2,0,0,0,0,0,0,0,0,0,0,0,0,0,0,0,0,0,0,0,0.2,0,0,0,2,0,0,0,0,0,0,0,0,0,"Week 1","red"
"28/06/2015","9:39:27 AM","cuddlefish",85,"80m-100m",153.0945154,-25.59772366,"Crest",0.95,2,0,2,2,1,1,0,1,0.05,0,0,0,0,0,0,0,0,0,0,0,0,0,0,0,0,0,0,0,0.05,0,0,0,0,0,0,0,0,0,0,0,0,0,"Week 1","red"
"28/06/2015","9:44:03 AM","cuddlefish",90,"80m-100m",153.0944895,-25.59775058,"Downslope",0.75,0,1,1,1,0,1,1,2,0.1,0,0,0,0,0,0,0,0,0.05,0,0,0.05,0,0,0,0,0,0,0,0,0,0,0,0,0,0,0,0,1,0,0,0,0,"Week 1","red"
"28/06/2015","9:54:02 AM","cuddlefish",95,"80m-100m",153.0944715,-25.59775332,"Upslope",0.6,1,0,1,1,1,1,0,0,0,0,0,0,0,0,0,0,0,0,0,0,0,0,0,0,0,0,0,0,0,0,0,0,0,0,0,0,0,0,0,0,0,0,"Week 1","red"
"28/06/2015","8:57:56 AM","Red barron",5,"0-20m",153.0952146,-25.59827456,"Trough",0,0,0,0,0,NA,NA,0,1,0.03,0,0,0,0,0,0,0.03,0,0,0,0,0,0,0,0,0,0,0,0,0,0,0,0,0,0,0,0,0,0,0,0,0,0,"Week 1","red"
"28/06/2015","9:04:28 AM","Red barron",0,"0-20m",153.0952136,-25.59828498,"Trough",0,0,0,0,0,NA,NA,0,0,0,0,0,0,0,0,0,0,0,0,0,0,0,0,0,0,0,0,0,0,0,0,0,0,0,0,0,0,0,0,0,0,0,0,"Week 1","red"
"28/06/2015","9:08:22 AM","Red barron",10,"0-20m",153.0951793,-25.59827071,"Trough",0,0,0,0,0,NA,NA,0,0,0,0,0,0,0,0,0,0,0,0,0,0,0,0,0,0,0,0,0,0,0,0,0,0,0,0,0,0,0,0,0,0,0,0,"Week 1","red"
"28/06/2015","9:09:19 AM","Red barron",15,"0-20m",NA,NA,"Upslope",0,0,0,0,0,NA,NA,0,1,0.005,0,0,0,0,0,0,0.005,0,0,0,0,0,0,0,0,0,0,0,0,0,0,0,0,0,0,0,0,0,0,0,0,0,0,"Week 1","red"
"28/06/2015","9:11:20 AM","Red barron",20,"0-20m",NA,NA,"Upslope",0.35,0,0,0,0,NA,NA,0,2,0.09,0,0,0.01,0,0,0,0.08,0,0,0,0,0,0,0,0,0,0,0,0,0,0,0,0,0,0,0,0,0,0,0,0,0,0,"Week 1","red"
"28/06/2015","9:13:37 AM","Red barron",25,"20-40m",153.0950629,-25.59818336,"Crest",0.2,0,9,2,9,0,0.222222222222222,0,2,0.61,0,0,0.01,0,0,0,0.6,0,0,0,0,0,0,0,0,0,0,0,0,0,0,0,0,0,0,0,0,0,0,0,0,0,0,"Week 1","red"
"28/06/2015","9:16:15 AM","Red barron",30,"20-40m",NA,NA,"Trough",0.98,0,0,0,0,NA,NA,0,1,0.25,0,0,0,0,0,0.25,0,0,0,0,0,0,0,0,0,0,0,0,0,0,0,0,0,0,0,0,0,0,0,0,0,0,0,"Week 1","red"
"28/06/2015","9:23:31 AM","Red barron",35,"20-40m",153.0949171,-25.59812728,"Upslope",1,0,0,0,0,NA,NA,0,3,0.16,0,0,0,0,0,0.1,0.02,0,0,0,0,0,0,0,0,0,0,0,0,0.04,0,0,0,0,0,0,0,0,0,0,0,0,0,"Week 1","red"
"28/06/2015","9:27:08 AM","Red barron",40,"20-40m",153.094875,-25.59814067,"Crest",0.98,0,0,0,0,NA,NA,1,1,0.2,0,0,0,0,0,0.2,0,0,0,0,0,0,0,0,0,0,0,0,0,0,0,0,0,0,0,0,0,0,0,1,0,0,0,"Week 1","red"
"28/06/2015","9:29:04 AM","Red barron",45,"40-60m",153.0948466,-25.59813311,"Upslope",0.95,0,0,0,0,NA,NA,1,1,0.15,0.15,0,0,0,0,0,0,0,0,0,0,0,0,0,0,0,0,0,0,0,0,0,0,0,0,0,0,0,0,1,0,0,0,"Week 1","red"
"28/06/2015","9:31:44 AM","Red barron",50,"40-60m",NA,NA,"Crest",0.95,0,1,1,1,0,1,0,3,0.37,0.15,0,0.02,0,0,0.2,0,0,0,0,0,0,0,0,0,0,0,0,0,0,0,0,0,0,0,0,0,0,0,0,0,0,0,"Week 1","red"
"28/06/2015","9:37:23 AM","Red barron",55,"40-60m",153.0947305,-25.59811196,"Downslope",0.2,0,1,1,1,0,1,1,3,0.59,0.4,0,0,0,0,0.15,0,0,0.04,0,0,0,0,0,0,0,0,0,0,0,0,0,0,0,0,0,0,0,0,1,0,0,0,"Week 1","red"
"28/06/2015","9:40:21 AM","Red barron",60,"40-60m",153.0946962,-25.59812494,"Downslope",0.8,0,3,1,3,0,0.333333333333333,0,1,0.3,0,0,0,0,0,0,0,0,0.3,0,0,0,0,0,0,0,0,0,0,0,0,0,0,0,0,0,0,0,0,0,0,0,0,"Week 1","red"
"28/06/2015","9:42:15 AM","Red barron",65,"60-80m",153.0946514,-25.5980981,"Trough",0.4,0,2,0,2,0,0,1,1,0.6,0,0,0,0,0,0,0,0,0.6,0,0,0,0,0,0,0,0,0,0,0,0,0,0,0,0,0,0,0,0,0,1,0,0,"Week 1","red"
"28/06/2015","9:44:33 AM","Red barron",70,"60-80m",153.0946002,-25.59806408,"Trough",0.5,0,0,0,0,NA,NA,1,3,0.29,0,0.04,0,0,0,0.15,0,0,0,0,0,0,0,0,0,0,0,0,0,0.1,0,0,0,1,0,0,0,0,0,0,0,0,0,"Week 1","red"
"28/06/2015","9:54:10 AM","Red barron",75,"60-80m",153.09454,-25.59806051,"Trough",0.5,0,0,0,0,NA,NA,1,2,0.25,0,0,0,0,0,0,0,0.1,0.15,0,0,0,0,0,0,0,0,0,0,0,0,0,0,0,0,0,0,0,0,0,1,0,0,"Week 1","red"
"28/06/2015","9:57:37 AM","Red barron",80,"60-80m",NA,NA,"Upslope",0.2,0,1,1,1,0,1,0,2,0.35,0,0,0,0,0,0,0,0.25,0.1,0,0,0,0,0,0,0,0,0,0,0,0,0,0,0,0,0,0,0,0,0,0,0,0,"Week 1","red"
"28/06/2015","10:03:50 AM","satoiB",80,"60-80m",153.0946088,-25.59754828,"Trough",0.5,0,1,1,1,0,1,0,3,0.25,0,0,0,0,0,0,0,0,0,0.05,0,0,0.05,0,0,0,0,0,0,0.15,0,0,0,0,0,0,0,0,0,0,0,0,0,"Week 1","red"
"28/06/2015","8:53:04 AM","satoi",0,"0-20m",153.0954519,-25.59769828,"Trough",0,0,0,0,0,NA,NA,0,0,0,0,0,0,0,0,0,0,0,0,0,0,0,0,0,0,0,0,0,0,0,0,0,0,0,0,0,0,0,0,0,0,0,0,"Week 1","red"
"28/06/2015","8:58:14 AM","satoi",5,"0-20m",153.0953427,-25.59768711,"Upslope",0,1,0,1,1,1,1,0,1,0.07,0,0,0,0,0,0,0.07,0,0,0,0,0,0,0,0,0,0,0,0,0,0,0,0,0,0,0,0,0,0,0,0,0,0,"Week 1","red"
"28/06/2015","9:01:59 AM","satoi",10,"0-20m",153.0953201,-25.59768731,"Crest",0,1,0,0,1,1,0,0,1,0.23,0,0,0,0,0,0,0.23,0,0,0,0,0,0,0,0,0,0,0,0,0,0,0,0,0,0,0,0,0,0,0,0,0,0,"Week 1","red"
"28/06/2015","9:07:00 AM","satoi",15,"0-20m",153.0952749,-25.59767096,"Upslope",0.01,1,0,0,1,1,0,0,1,0.2,0,0,0,0,0,0,0.2,0,0,0,0,0,0,0,0,0,0,0,0,0,0,0,0,0,0,0,0,0,0,0,0,0,0,"Week 1","red"
"28/06/2015","9:08:56 AM","satoi",20,"0-20m",153.0951875,-25.5976797,"Upslope",0,2,0,0,2,1,0,0,1,0.18,0,0,0,0,0,0,0.18,0,0,0,0,0,0,0,0,0,0,0,0,0,0,0,0,0,0,0,0,0,0,0,0,0,0,"Week 1","red"
"28/06/2015","9:10:34 AM","satoi",25,"20-40m",153.095173,-25.59763606,"Upslope",0,0,1,0,1,0,0,0,2,0.35,0,0,0,0,0,0,0.3,0,0,0,0,0,0,0,0,0,0,0,0,0.05,0,0,0,0,0,0,0,0,0,0,0,0,0,"Week 1","red"
"28/06/2015","9:20:55 AM","satoi",30,"20-40m",153.0950673,-25.5977451,"Crest",0.02,1,7,0,8,0.125,0,0,2,0.28,0,0,0,0,0,0,0.2,0.08,0,0,0,0,0,0,0,0,0,0,0,0,0,0,0,0,0,0,0,0,0,0,0,0,0,"Week 1","red"
"28/06/2015","9:26:41 AM","satoi",35,"20-40m",153.0950708,-25.59761612,"Downslope",0.88,1,1,1,2,0.5,0.5,0,2,0.12,0,0,0,0,0,0,0.02,0.1,0,0,0,0,0,0,0,0,0,0,0,0,0,0,0,0,0,0,0,0,0,0,0,0,0,"Week 1","red"
"28/06/2015","9:31:23 AM","satoi",40,"20-40m",153.0950405,-25.59765679,"Downslope",0.36,0,0,0,0,NA,NA,0,2,0.63,0.03,0,0,0,0,0,0,0.6,0,0,0,0,0,0,0,0,0,0,0,0,0,0,0,0,0,0,0,0,0,0,0,0,0,"Week 1","red"
"28/06/2015","9:34:24 AM","satoi",45,"40-60m",153.0950162,-25.59760677,"Upslope",0.43,0,2,1,2,0,0.5,0,2,0.57,0,0,0,0,0,0,0,0.5,0,0,0,0,0,0,0,0,0,0,0,0.07,0,0,0,0,0,0,0,0,0,0,0,0,0,"Week 1","red"
"28/06/2015","9:38:31 AM","satoi",50,"40-60m",153.0949342,-25.59760554,"Trough",0.4,0,3,1,3,0,0.333333333333333,0,3,0.28,0,0,0,0,0,0,0,0.05,0,0,0,0,0.03,0,0,0,0,0,0,0.2,0,0,0,0,0,0,0,0,0,0,0,0,0,"Week 1","red"
"28/06/2015","9:43:28 AM","satoi",55,"40-60m",153.0948919,-25.59758343,"Upslope",0.6,1,4,1,5,0.2,0.2,0,3,0.36,0,0.01,0,0,0,0,0,0.15,0,0,0,0,0,0,0,0,0,0,0,0.2,0,0,0,0,0,0,0,0,0,0,0,0,0,"Week 1","red"
"28/06/2015","9:57:43 AM","satoi",60,"40-60m",153.0948398,-25.59761239,"Crest",0.9,0,1,0,1,0,0,0,1,0.08,0,0,0,0,0,0,0,0.08,0,0,0,0,0,0,0,0,0,0,0,0,0,0,0,0,0,0,0,0,0,0,0,0,0,"Week 1","red"
"28/06/2015","10:00:58 AM","satoi",65,"60-80m",153.0947974,-25.59757042,"Crest",0.7,0,1,0,1,0,0,0,2,0.2,0,0,0,0,0,0,0,0.05,0,0,0,0,0,0,0,0,0,0,0,0.15,0,0,0,0,0,0,0,0,0,0,0,0,0,"Week 1","red"
"28/06/2015","10:04:45 AM","satoi",70,"60-80m",153.0947269,-25.59757272,"Crest",0.1,0,0,0,0,NA,NA,0,2,0.7,0,0,0,0,0,0,0,0.1,0,0,0,0,0,0,0,0,0,0,0,0.6,0,0,0,0,0,0,0,0,0,0,0,0,0,"Week 1","red"
"28/06/2015","10:06:44 AM","satoi",75,"60-80m",153.0947058,-25.5975742,"Downslope",0.1,0,0,0,0,NA,NA,0,2,0.65,0,0,0,0,0,0,0,0.05,0,0,0,0,0,0,0,0,0,0,0,0.6,0,0,0,0,0,0,0,0,0,0,0,0,0,"Week 1","red"
"29/06/2015","8:31:27 AM","gazza",0,"0-20m",153.09599508,-25.5956909,"Upslope",0,0,0,0,0,NA,NA,0,1,0.06,0,0,0,0,0,0,0.06,0,0,0,0,0,0,0,0,0,0,0,0,0,0,0,0,0,0,0,0,0,0,0,0,0,0,"Week 1","yellow"
"29/06/2015","8:47:35 AM","gazza",5,"0-20m",153.09603849,-25.59553713,"Upslope",0.02,0,0,0,0,NA,NA,0,1,0.65,0,0,0,0,0,0,0.65,0,0,0,0,0,0,0,0,0,0,0,0,0,0,0,0,0,0,0,0,0,0,0,0,0,0,"Week 1","yellow"
"29/06/2015","8:49:02 AM","gazza",10,"0-20m",NA,NA,"Crest",0,1,0,0,1,1,0,0,1,0.07,0,0,0,0,0,0,0.07,0,0,0,0,0,0,0,0,0,0,0,0,0,0,0,0,0,0,0,0,0,0,0,0,0,0,"Week 1","yellow"
"29/06/2015","8:53:24 AM","gazza",15,"0-20m",153.09595698,-25.59550466,"Trough",0,0,0,0,0,NA,NA,0,1,0.17,0,0,0,0,0,0,0.17,0,0,0,0,0,0,0,0,0,0,0,0,0,0,0,0,0,0,0,0,0,0,0,0,0,0,"Week 1","yellow"
"29/06/2015","8:55:05 AM","gazza",20,"0-20m",153.09591106,-25.59549721,"Upslope",0.1,0,1,0,1,0,0,0,1,0.02,0,0,0,0,0,0,0.02,0,0,0,0,0,0,0,0,0,0,0,0,0,0,0,0,0,0,0,0,0,0,0,0,0,0,"Week 1","yellow"
"29/06/2015","8:58:13 AM","gazza",25,"20-40m",153.09585061,-25.59549146,"Upslope",0.05,1,1,0,2,0.5,0,0,1,0.1,0,0,0,0,0,0,0.1,0,0,0,0,0,0,0,0,0,0,0,0,0,0,0,0,0,0,0,0,0,0,0,0,0,0,"Week 1","yellow"
"29/06/2015","9:00:39 AM","gazza",30,"20-40m",153.09582059,-25.59549652,"Trough",0.05,0,8,3,8,0,0.375,2,3,0.4,0.3,0,0,0,0,0,0.05,0,0,0,0,0,0,0,0,0,0,0,0,0.05,0,0,0,1,0,0,0,0,0,1,0,0,0,"Week 1","yellow"
"29/06/2015","9:05:30 AM","gazza",35,"20-40m",153.09578537,-25.59544161,"Trough",0.02,0,7,1,7,0,0.142857142857143,1,2,1,0,0,0,0,0,0,0.1,0,0,0,0,0,0,0,0,0,0,0,0,0.9,0,0,0,0,0,0,0,0,0,1,0,0,0,"Week 1","yellow"
"29/06/2015","9:09:08 AM","gazza",40,"20-40m",153.0957441,-25.5954492,"Upslope",0.1,0,0,0,0,NA,NA,0,2,0.9,0,0,0,0,0,0.8,0,0,0,0,0,0,0,0,0,0,0,0,0,0.1,0,0,0,0,0,0,0,0,0,0,0,0,0,"Week 1","yellow"
"29/06/2015","9:11:25 AM","gazza",45,"40-60m",153.09571197,-25.5954279,"Crest",0.15,0,1,0,1,0,0,0,2,0.85,0,0,0,0,0,0.75,0,0,0.1,0,0,0,0,0,0,0,0,0,0,0,0,0,0,0,0,0,0,0,0,0,0,0,0,"Week 1","yellow"
"29/06/2015","9:14:00 AM","gazza",50,"40-60m",153.09568187,-25.59543911,"Downslope",0.35,0,0,0,0,NA,NA,0,2,0.55,0,0,0,0,0,0.15,0,0,0.4,0,0,0,0,0,0,0,0,0,0,0,0,0,0,0,0,0,0,0,0,0,0,0,0,"Week 1","yellow"
"29/06/2015","9:18:26 AM","gazza",55,"40-60m",153.0955746,-25.59545083,"Downslope",0.1,0,1,1,1,0,1,1,2,0.9,0,0,0,0,0,0.4,0,0,0.5,0,0,0,0,0,0,0,0,0,0,0,0,0,0,0,0,0,0,0,0,1,0,0,0,"Week 1","yellow"
"29/06/2015","9:20:26 AM","gazza",60,"40-60m",153.09555234,-25.59544671,"Trough",0.05,0,0,0,0,NA,NA,1,2,0.95,0,0,0,0,0,0.7,0,0,0.25,0,0,0,0,0,0,0,0,0,0,0,0,0,0,0,0,0,0,0,0,1,0,0,0,"Week 1","yellow"
"29/06/2015","9:22:31 AM","gazza",65,"60-80m",153.09547085,-25.59538543,"Trough",0.2,0,1,1,1,0,1,1,3,0.7,0,0,0,0,0,0.5,0,0.1,0,0,0,0,0,0,0,0,0,0,0,0,0,0.1,0,0,0,0,0,0,0,1,0,0,0,"Week 1","yellow"
"29/06/2015","9:25:05 AM","gazza",70,"60-80m",153.09546669,-25.5953686,"Trough",0.3,0,0,0,0,NA,NA,1,3,0.32,0,0,0,0,0,0.2,0,0.1,0,0,0,0,0,0,0,0,0,0,0,0,0,0.02,0,1,0,0,0,0,0,0,0,0,0,"Week 1","yellow"
"29/06/2015","9:27:20 AM","gazza",75,"60-80m",153.09540048,-25.59533355,"Trough",0.4,0,1,1,1,0,1,1,3,0.6,0,0,0,0,0,0.3,0,0.2,0,0,0,0,0,0,0,0,0,0,0,0.1,0,0,0,1,0,0,0,0,0,0,0,0,0,"Week 1","yellow"
"29/06/2015","9:30:01 AM","gazza",80,"60-80m",153.09538623,-25.59535106,"Upslope",0.4,0,1,1,1,0,1,1,3,0.35,0,0,0,0,0,0.15,0,0.1,0,0,0,0,0,0,0,0,0,0,0,0.1,0,0,0,0,0,0,0,0,0,1,0,0,0,"Week 1","yellow"
"29/06/2015","8:32:05 AM","kate",0,"0-20m",153.09596326,-25.59572333,"Trough",0,0,0,0,0,NA,NA,0,1,0.02,0,0,0,0,0,0,0.02,0,0,0,0,0,0,0,0,0,0,0,0,0,0,0,0,0,0,0,0,0,0,0,0,0,0,"Week 1","yellow"
"29/06/2015","8:47:12 AM","kate",5,"0-20m",153.09619203,-25.59524367,"Crest",0.01,1,0,0,1,1,0,0,1,0.15,0,0,0,0,0,0,0.15,0,0,0,0,0,0,0,0,0,0,0,0,0,0,0,0,0,0,0,0,0,0,0,0,0,0,"Week 1","yellow"
"29/06/2015","8:48:53 AM","kate",10,"0-20m",153.09617085,-25.59527073,"Trough",0.1,1,3,0,4,0.25,0,0,1,0.3,0,0,0,0,0,0,0.3,0,0,0,0,0,0,0,0,0,0,0,0,0,0,0,0,0,0,0,0,0,0,0,0,0,0,"Week 1","yellow"
"29/06/2015","8:52:14 AM","kate",15,"0-20m",153.09611341,-25.59512943,"Upslope",0.15,1,5,0,6,0.166666666666667,0,0,1,0.15,0,0,0,0,0,0,0.15,0,0,0,0,0,0,0,0,0,0,0,0,0,0,0,0,0,0,0,0,0,0,0,0,0,0,"Week 1","yellow"
"29/06/2015","8:54:47 AM","kate",20,"0-20m",153.09606667,-25.5951203,"Upslope",0.1,0,4,1,4,0,0.25,0,1,0.1,0,0,0,0,0,0,0.1,0,0,0,0,0,0,0,0,0,0,0,0,0,0,0,0,0,0,0,0,0,0,0,0,0,0,"Week 1","yellow"
"29/06/2015","8:56:40 AM","kate",25,"20-40m",153.09603546,-25.59507559,"Upslope",0.1,0,3,0,3,0,0,0,1,0.15,0,0,0,0,0,0,0.15,0,0,0,0,0,0,0,0,0,0,0,0,0,0,0,0,0,0,0,0,0,0,0,0,0,0,"Week 1","yellow"
"29/06/2015","8:58:49 AM","kate",30,"20-40m",153.09602922,-25.59507126,"Crest",0.05,1,2,0,3,0.333333333333333,0,0,1,0.07,0,0,0,0,0,0,0.07,0,0,0,0,0,0,0,0,0,0,0,0,0,0,0,0,0,0,0,0,0,0,0,0,0,0,"Week 1","yellow"
"29/06/2015","9:00:57 AM","kate",35,"20-40m",153.09601129,-25.5950576,"Downslope",0.05,1,2,0,3,0.333333333333333,0,0,3,0.09,0,0,0.02,0,0,0,0.03,0,0,0,0,0,0,0,0,0,0,0,0,0.04,0,0,0,0,0,0,0,0,0,0,0,0,0,"Week 1","yellow"
"29/06/2015","9:06:16 AM","kate",40,"20-40m",153.09588315,-25.59508521,"Trough",0.3,0,4,1,4,0,0.25,1,5,0.26,0,0,0.03,0,0,0.03,0.05,0.05,0,0,0,0,0,0,0,0,0,0,0,0.1,0,0,0,0,0,0,0,0,0,1,0,0,0,"Week 1","yellow"
"29/06/2015","9:14:55 AM","kate",45,"40-60m",153.0957876,-25.59505259,"Upslope",0.5,0,6,2,6,0,0.333333333333333,0,2,0.5,0,0,0,0,0,0.1,0,0,0,0,0,0,0,0,0,0,0,0,0,0.4,0,0,0,0,0,0,0,0,0,0,0,0,0,"Week 1","yellow"
"29/06/2015","9:17:51 AM","kate",50,"40-60m",153.09576882,-25.59505389,"Crest",0.7,0,2,2,2,0,1,1,3,0.22,0.02,0,0,0,0,0.05,0,0,0,0,0,0,0,0,0,0,0,0,0,0.15,0,0,0,0,0,0,0,0,0,1,0,0,0,"Week 1","yellow"
"29/06/2015","9:21:15 AM","kate",55,"40-60m",153.09570342,-25.59500653,"Downslope",0.5,0,1,1,1,0,1,1,2,0.5,0,0,0,0,0,0.4,0,0,0.1,0,0,0,0,0,0,0,0,0,0,0,0,0,0,0,0,0,0,0,0,1,0,0,0,"Week 1","yellow"
"29/06/2015","9:24:04 AM","kate",60,"40-60m",153.09567467,-25.59503001,"Trough",0.4,0,2,2,2,0,1,0,1,0.5,0,0,0,0,0,0.5,0,0,0,0,0,0,0,0,0,0,0,0,0,0,0,0,0,0,0,0,0,0,0,0,0,0,0,"Week 1","yellow"
"29/06/2015","9:25:48 AM","kate",65,"60-80m",153.09560971,-25.59502927,"Trough",0.25,0,2,2,2,0,1,2,3,0.42,0,0,0,0,0,0.4,0,0,0.01,0,0,0,0,0,0,0,0,0,0,0,0,0.01,0,1,0,0,0,0,1,0,0,0,0,"Week 1","yellow"
"29/06/2015","9:34:19 AM","kate",70,"60-80m",153.09558241,-25.59503334,"Trough",0.5,0,1,0,1,0,0,1,2,0.26,0,0,0,0,0,0.25,0,0,0,0,0,0,0,0,0,0,0,0,0,0,0,0.01,0,0,0,0,0,0,0,1,0,0,0,"Week 1","yellow"
"29/06/2015","9:37:16 AM","kate",75,"60-80m",153.09554957,-25.59504051,"Upslope",0.08,0,0,0,0,NA,NA,2,5,0.37,0.01,0,0,0,0,0.2,0,0.04,0,0,0,0,0,0,0,0,0,0,0,0.07,0,0.05,0,1,0,0,0,0,0,1,0,0,0,"Week 1","yellow"
"29/06/2015","9:39:55 AM","kate",80,"60-80m",153.09548576,-25.59503948,"Upslope",0.4,0,0,0,0,NA,NA,1,3,0.12,0,0,0,0,0,0,0,0.05,0.03,0,0,0,0,0,0,0,0,0,0,0,0,0.04,0,0,0,0,0,0,0,1,0,0,0,"Week 1","yellow"
"29/06/2015","9:41:57 AM","kate",85,"80m-100m",153.09546756,-25.59503704,"Upslope",0.7,0,2,2,2,0,1,2,5,0.15,0,0,0,0,0,0.05,0,0.05,0.01,0,0,0,0,0,0,0,0,0,0,0.01,0,0.03,0,1,0,0,0,0,0,1,0,0,0,"Week 1","yellow"
"29/06/2015","9:44:56 AM","ratpat",80,"60-80m",153.0955487,-25.5948082,"Upslope",0.1,0,4,4,4,0,1,1,3,0.45,0,0,0.1,0,0,0,0,0.25,0,0,0,0,0,0,0,0,0,0,0,0,0.1,0,0,1,0,0,0,0,0,0,0,0,0,"Week 1","yellow"
"29/06/2015","9:51:01 AM","ratpat",75,"60-80m",153.09556415,-25.59482506,"Trough",0.5,0,0,0,0,NA,NA,1,2,0.4,0,0,0,0,0,0,0,0.2,0.2,0,0,0,0,0,0,0,0,0,0,0,0,0,0,1,0,0,0,0,0,0,0,0,0,"Week 1","yellow"
"29/06/2015","9:53:05 AM","ratpat",70,"60-80m",153.09562216,-25.59480644,"Trough",0.7,0,0,0,0,NA,NA,1,2,0.3,0,0,0,0,0,0.15,0,0,0.15,0,0,0,0,0,0,0,0,0,0,0,0,0,0,1,0,0,0,0,0,0,0,0,0,"Week 1","yellow"
"29/06/2015","9:54:39 AM","ratpat",65,"60-80m",153.09565677,-25.59481493,"Trough",0.1,0,1,1,1,0,1,1,2,0.7,0,0,0,0,0,0.5,0,0,0.2,0,0,0,0,0,0,0,0,0,0,0,0,0,0,0,0,0,0,0,0,1,0,0,0,"Week 1","yellow"
"29/06/2015","8:32:04 AM","ratpat",0,"0-20m",153.09598214,-25.59568877,"",0,0,0,0,0,NA,NA,0,1,0.06,0,0,0,0,0,0,0.06,0,0,0,0,0,0,0,0,0,0,0,0,0,0,0,0,0,0,0,0,0,0,0,0,0,0,"Week 1","yellow"
"29/06/2015","8:50:35 AM","ratpat",5,"0-20m",153.09624716,-25.59497008,"Trough",0.01,2,0,1,2,1,0.5,0,1,0.05,0,0,0,0,0,0,0.05,0,0,0,0,0,0,0,0,0,0,0,0,0,0,0,0,0,0,0,0,0,0,0,0,0,0,"Week 1","yellow"
"29/06/2015","8:55:36 AM","ratpat",10,"0-20m",153.09621109,-25.59495555,"Trough",0.02,0,1,0,1,0,0,0,1,0.11,0,0,0,0,0,0,0.11,0,0,0,0,0,0,0,0,0,0,0,0,0,0,0,0,0,0,0,0,0,0,0,0,0,0,"Week 1","yellow"
"29/06/2015","8:58:20 AM","ratpat",15,"0-20m",153.09616975,-25.59492071,"Upslope",0.25,1,1,0,2,0.5,0,0,1,0.15,0,0,0,0,0,0,0.15,0,0,0,0,0,0,0,0,0,0,0,0,0,0,0,0,0,0,0,0,0,0,0,0,0,0,"Week 1","yellow"
"29/06/2015","9:08:56 AM","ratpat",20,"0-20m",153.09609452,-25.59491366,"Upslope",0.15,0,0,0,0,NA,NA,0,1,0.25,0,0,0,0,0,0,0.25,0,0,0,0,0,0,0,0,0,0,0,0,0,0,0,0,0,0,0,0,0,0,0,0,0,0,"Week 1","yellow"
"29/06/2015","9:12:05 AM","ratpat",25,"20-40m",153.09607527,-25.59489579,"Crest",0.3,0,0,0,0,NA,NA,0,3,0.55,0,0,0.1,0,0,0,0.25,0,0,0,0,0,0,0,0,0,0,0,0,0.2,0,0,0,0,0,0,0,0,0,0,0,0,0,"Week 1","yellow"
"29/06/2015","9:17:09 AM","ratpat",30,"20-40m",153.09601722,-25.59488898,"Downslope",0.2,3,3,2,6,0.5,0.333333333333333,0,4,0.63,0.3,0,0.1,0,0,0,0.18,0,0,0,0,0,0,0,0,0,0,0,0,0.05,0,0,0,0,0,0,0,0,0,0,0,0,0,"Week 1","yellow"
"29/06/2015","9:22:23 AM","ratpat",35,"20-40m",153.09598024,-25.59488919,"Trough",0.3,2,2,2,4,0.5,0.5,1,2,0.4,0,0,0,0,0,0,0.15,0,0,0,0,0,0,0,0,0,0,0,0,0.25,0,0,0,1,0,0,0,0,0,0,0,0,0,"Week 1","yellow"
"29/06/2015","9:27:55 AM","ratpat",40,"20-40m",153.09593334,-25.59488454,"Trough",0.1,0,0,0,0,NA,NA,0,3,1.05,0,0,0.1,0,0,0,0.1,0,0,0,0,0,0,0,0,0,0,0,0,0.85,0,0,0,0,0,0,0,0,0,0,0,0,0,"Week 1","yellow"
"29/06/2015","9:34:16 AM","ratpat",45,"40-60m",153.09588541,-25.5949087,"Upslope",0.75,0,0,0,0,NA,NA,0,3,0.8,0,0,0,0,0,0,0.1,0,0.35,0,0,0,0,0,0,0,0,0,0,0.35,0,0,0,0,0,0,0,0,0,0,0,0,0,"Week 1","yellow"
"29/06/2015","9:43:31 AM","ratpat",50,"40-60m",153.09582184,-25.59488748,"Upslope",0.35,0,0,0,0,NA,NA,1,2,0.45,0,0,0,0,0,0,0,0,0.1,0,0,0,0,0,0,0,0.35,0,0,0,0,0,0,0,0,0,0,0,0,1,0,0,0,"Week 1","yellow"
"29/06/2015","9:51:32 AM","ratpat",55,"40-60m",153.09575931,-25.59487039,"Crest",0.45,0,0,0,0,NA,NA,0,2,0.8,0,0,0,0,0,0,0,0,0.15,0,0,0,0,0,0,0,0.65,0,0,0,0,0,0,0,0,0,0,0,0,0,0,0,0,"Week 1","yellow"
"29/06/2015","9:55:06 AM","ratpat",60,"40-60m",153.09574621,-25.59486012,"Downslope",0.25,0,0,0,0,NA,NA,1,2,0.65,0,0,0,0,0,0,0,0,0.15,0,0,0,0,0,0,0,0.5,0,0,0,0,0,0,0,0,0,0,0,0,1,0,0,0,"Week 1","yellow"
"29/06/2015","8:32:07 AM","two",0,"0-20m",153.09597424,-25.59567753,"Trough",0.01,0,2,0,2,0,0,0,1,0.06,0,0,0,0,0,0,0.06,0,0,0,0,0,0,0,0,0,0,0,0,0,0,0,0,0,0,0,0,0,0,0,0,0,0,"Week 1","yellow"
"29/06/2015","8:48:29 AM","two",5,"0-20m",153.0961171,-25.59533249,"Trough",0,0,0,0,0,NA,NA,0,1,0.2,0,0,0,0,0,0,0.2,0,0,0,0,0,0,0,0,0,0,0,0,0,0,0,0,0,0,0,0,0,0,0,0,0,0,"Week 1","yellow"
"29/06/2015","8:51:41 AM","two",10,"0-20m",153.0960754,-25.59534857,"Trough",0.01,0,0,0,0,NA,NA,0,1,0.15,0,0,0,0,0,0,0.15,0,0,0,0,0,0,0,0,0,0,0,0,0,0,0,0,0,0,0,0,0,0,0,0,0,0,"Week 1","yellow"
"29/06/2015","8:54:16 AM","two",15,"0-20m",153.09604661,-25.59531175,"Trough",0.25,0,2,0,2,0,0,0,1,0.15,0,0,0,0,0,0,0.15,0,0,0,0,0,0,0,0,0,0,0,0,0,0,0,0,0,0,0,0,0,0,0,0,0,0,"Week 1","yellow"
"29/06/2015","8:56:32 AM","two",20,"0-20m",153.09598533,-25.59532978,"Upslope",0.1,0,5,0,5,0,0,0,2,0.17,0,0,0,0,0,0,0.12,0,0,0,0,0,0,0,0,0,0,0,0,0,0.05,0,0,0,0,0,0,0,0,0,0,0,0,"Week 1","yellow"
"29/06/2015","9:04:18 AM","two",25,"20-40m",153.09594817,-25.59530025,"Upslope",0.25,0,2,1,2,0,0.5,1,2,0.06,0,0,0,0,0,0,0.05,0,0,0,0,0,0,0,0,0,0,0,0,0,0.01,0,0,0,0,0,0,0,0,1,0,0,0,"Week 1","yellow"
"29/06/2015","9:08:53 AM","two",30,"20-40m",153.0959079,-25.5952802,"Upslope",0.05,0,2,0,2,0,0,1,3,0.21,0,0,0.1,0,0,0,0.1,0,0,0,0,0,0,0,0,0,0,0,0,0.01,0,0,0,0,0,0,0,0,0,1,0,0,0,"Week 1","yellow"
"29/06/2015","9:13:34 AM","two",35,"20-40m",153.09587501,-25.59525131,"Upslope",0.15,0,8,3,8,0,0.375,1,1,0.7,0,0,0,0,0,0,0,0,0,0,0,0,0,0,0,0,0,0,0,0.7,0,0,0,0,0,0,0,0,0,1,0,0,0,"Week 1","yellow"
"29/06/2015","9:20:04 AM","two",40,"20-40m",153.09579681,-25.59527915,"Upslope",0.4,0,2,1,2,0,0.5,1,3,0.56,0,0,0,0,0,0.25,0.05,0,0,0,0,0,0,0,0,0,0,0,0,0.26,0,0,0,0,0,0,0,0,0,1,0,0,0,"Week 1","yellow"
"29/06/2015","9:26:49 AM","two",45,"40-60m",153.09576536,-25.59522474,"Upslope",0.15,0,0,0,0,NA,NA,0,3,0.87,0,0,0,0,0,0.05,0.02,0,0,0,0,0,0,0,0,0,0,0,0,0.8,0,0,0,0,0,0,0,0,0,0,0,0,0,"Week 1","yellow"
"29/06/2015","9:29:45 AM","two",50,"40-60m",153.09572644,-25.59524579,"Crest",0.2,0,1,0,1,0,0,1,4,0.71,0.05,0,0,0,0,0.6,0,0,0.05,0,0,0,0,0,0,0,0,0,0,0.01,0,0,0,0,0,0,0,0,0,1,0,0,0,"Week 1","yellow"
"29/06/2015","9:34:31 AM","two",55,"40-60m",153.09566065,-25.59518303,"Downslope",0.15,0,0,0,0,NA,NA,1,1,0.9,0,0,0,0,0,0.9,0,0,0,0,0,0,0,0,0,0,0,0,0,0,0,0,0,0,0,0,0,0,0,1,0,0,0,"Week 1","yellow"
"29/06/2015","9:36:03 AM","two",60,"40-60m",153.09564314,-25.59522449,"Downslope",0.35,0,0,0,0,NA,NA,1,2,0.42,0,0,0,0,0,0.3,0,0,0.12,0,0,0,0,0,0,0,0,0,0,0,0,0,0,0,0,0,0,0,0,1,0,0,0,"Week 1","yellow"
"29/06/2015","9:38:37 AM","two",65,"60-80m",153.09558069,-25.59519931,"Trough",0.9,0,0,0,0,NA,NA,1,2,0.04,0,0,0,0,0,0.03,0,0,0.01,0,0,0,0,0,0,0,0,0,0,0,0,0,0,0,0,0,0,0,0,1,0,0,0,"Week 1","yellow"
"29/06/2015","9:41:25 AM","two",70,"60-80m",153.09553887,-25.59519018,"Trough",0.7,0,0,0,0,NA,NA,0,3,0.37,0,0,0,0,0,0.2,0.02,0,0.15,0,0,0,0,0,0,0,0,0,0,0,0,0,0,0,0,0,0,0,0,0,0,0,0,"Week 1","yellow"
"29/06/2015","9:44:01 AM","two",75,"60-80m",153.0954669,-25.59516379,"Upslope",0.6,0,0,0,0,NA,NA,1,6,0.29,0,0,0,0.01,0,0.2,0.01,0.03,0.02,0,0,0,0,0,0,0,0,0,0,0,0,0.02,0,0,0,0,0,0,0,1,0,0,0,"Week 1","yellow"
"29/06/2015","9:47:56 AM","two",80,"60-80m",153.09542618,-25.59517745,"Upslope",0.5,0,1,1,1,0,1,2,3,0.45,0,0,0,0.2,0,0,0,0.2,0,0,0,0.05,0,0,0,0,0,0,0,0,0,0,0,1,0,0,0,0,0,1,0,0,0,"Week 1","yellow"
"2/07/2015","8:41:18 AM","green sophie",100,"80m-100m",153.09587638,-25.5962487,"Upslope",0.0025,2,0,0,2,1,0,0,1,0.045,0,0,0,0,0,0,0.045,0,0,0,0,0,0,0,0,0,0,0,0,0,0,0,0,0,0,0,0,0,0,0,0,0,0,"Week 2","green"
"2/07/2015","8:57:58 AM","green sophie",0,"0-20m",153.09610294,-25.59558008,"Trough",0.015,0,0,0,0,NA,NA,0,0,0,0,0,0,0,0,0,0,0,0,0,0,0,0,0,0,0,0,0,0,0,0,0,0,0,0,0,0,0,0,0,0,0,0,"Week 2","green"
"2/07/2015","8:59:25 AM","green sophie",5,"0-20m",153.09605641,-25.59561373,"Upslope",0,0,0,0,0,NA,NA,0,1,0.04,0,0,0,0,0,0,0.04,0,0,0,0,0,0,0,0,0,0,0,0,0,0,0,0,0,0,0,0,0,0,0,0,0,0,"Week 2","green"
"2/07/2015","9:00:51 AM","green sophie",10,"0-20m",153.09601696,-25.59557005,"Crest",0,0,0,0,0,NA,NA,0,1,0.02,0,0,0,0,0,0,0.02,0,0,0,0,0,0,0,0,0,0,0,0,0,0,0,0,0,0,0,0,0,0,0,0,0,0,"Week 2","green"
"2/07/2015","9:02:03 AM","green sophie",15,"0-20m",153.09597074,-25.5955598,"Crest",0,0,0,0,0,NA,NA,0,1,0.03,0,0,0,0,0,0,0.03,0,0,0,0,0,0,0,0,0,0,0,0,0,0,0,0,0,0,0,0,0,0,0,0,0,0,"Week 2","green"
"2/07/2015","9:03:32 AM","green sophie",20,"0-20m",153.09592664,-25.59554307,"Trough",0,0,0,0,0,NA,NA,0,0,0,0,0,0,0,0,0,0,0,0,0,0,0,0,0,0,0,0,0,0,0,0,0,0,0,0,0,0,0,0,0,0,0,0,"Week 2","green"
"2/07/2015","9:11:14 AM","green sophie",25,"20-40m",153.09584886,-25.59554511,"Upslope",0.03,0,2,0,2,0,0,0,1,0.09,0,0,0,0,0,0.09,0,0,0,0,0,0,0,0,0,0,0,0,0,0,0,0,0,0,0,0,0,0,0,0,0,0,0,"Week 2","green"
"2/07/2015","9:15:28 AM","green sophie",30,"20-40m",153.09583546,-25.59550297,"Downslope",0.015,2,4,2,6,0.333333333333333,0.333333333333333,0,1,0.91,0,0,0,0,0,0,0,0,0,0,0,0,0,0,0,0,0,0,0,0.91,0,0,0,0,0,0,0,0,0,0,0,0,0,"Week 2","green"
"2/07/2015","9:23:52 AM","green sophie",35,"20-40m",153.09577562,-25.59553828,"Downslope",0.68,1,0,1,1,1,1,1,3,0.6,0.15,0,0,0,0,0.3,0,0,0,0,0,0,0,0,0,0,0,0,0,0.15,0,0,0,0,0,0,0,0,0,1,0,0,0,"Week 2","green"
"2/07/2015","9:27:42 AM","green sophie",40,"20-40m",153.09571972,-25.59547874,"Trough",0.15,0,1,0,1,0,0,1,2,0.55,0,0,0,0,0,0.15,0,0,0,0,0,0,0,0,0,0,0,0,0,0.4,0,0,0,0,0,0,0,0,0,1,0,0,0,"Week 2","green"
"2/07/2015","9:31:05 AM","green sophie",45,"40-60m",153.09567595,-25.59551711,"Trough",0.5,0,0,0,0,NA,NA,1,2,0.55,0,0,0,0,0,0.35,0,0,0.2,0,0,0,0,0,0,0,0,0,0,0,0,0,0,0,0,0,0,0,0,1,0,0,0,"Week 2","green"
"2/07/2015","9:32:54 AM","green sophie",50,"40-60m",153.09562917,-25.59549194,"Upslope",0.3,0,1,1,1,0,1,0,2,0.5,0,0,0,0,0,0.2,0,0,0.3,0,0,0,0,0,0,0,0,0,0,0,0,0,0,0,0,0,0,0,0,0,0,0,0,"Week 2","green"
"2/07/2015","9:35:25 AM","green sophie",55,"40-60m",153.09559751,-25.59548497,"Downslope",0.45,0,1,1,1,0,1,1,3,0.85,0.15,0,0,0,0,0.35,0,0,0.35,0,0,0,0,0,0,0,0,0,0,0,0,0,0,0,0,0,0,0,0,1,0,0,0,"Week 2","green"
"2/07/2015","9:46:21 AM","green sophie",60,"40-60m",153.09544005,-25.59543464,"Trough",0.2,0,0,0,0,NA,NA,1,3,0.77,0,0,0,0,0,0.6,0.02,0,0.15,0,0,0,0,0,0,0,0,0,0,0,0,0,0,0,0,0,0,0,0,1,0,0,0,"Week 2","green"
"2/07/2015","9:47:58 AM","green sophie",65,"60-80m",153.09544187,-25.59543489,"Trough",0.15,0,0,0,0,NA,NA,1,4,0.42,0,0,0,0,0,0.2,0.02,0.15,0,0,0,0,0,0,0.05,0,0,0,0,0,0,0,0,0,0,0,0,0,0,1,0,0,0,"Week 2","green"
"2/07/2015","9:53:49 AM","green sophie",70,"60-80m",153.09543234,-25.59541379,"Trough",0.15,0,3,3,3,0,1,2,1,0.25,0,0,0,0,0,0,0,0.25,0,0,0,0,0,0,0,0,0,0,0,0,0,0,0,1,0,0,0,0,0,1,0,0,0,"Week 2","green"
"2/07/2015","9:54:37 AM","green sophie",75,"60-80m",153.09540353,-25.59542308,"Trough",0.4,1,2,2,3,0.333333333333333,0.666666666666667,1,3,0.15,0,0,0,0,0,0,0,0.1,0,0,0,0,0,0,0.04,0,0,0,0,0.01,0,0,0,1,0,0,0,0,0,0,0,0,0,"Week 2","green"
"2/07/2015","10:01:55 AM","green sophie",80,"60-80m",153.09537821,-25.59540217,"Upslope",0.2,0,1,1,1,0,1,2,2,0.5,0,0,0,0,0,0,0,0.2,0,0,0,0,0,0,0.3,0,0,0,0,0,0,0,0,1,0,0,0,0,0,1,0,0,0,"Week 2","green"
